,DATE,SITENUMBER,LATITUDE,LONGITUDE,GAGE_MAX,YEAR,MONTH
27830,2015-01-31,02110400,33.953505,-78.71973988,11.49,2015,1
27831,2015-01-31,02110500,33.9126719,-78.7150175,10.66,2015,1
27832,2015-01-31,02110550,33.8508333,-78.8972222,8.1,2015,1
27833,2015-01-31,02110701,33.86100349,-79.04114709999998,13.55,2015,1
27834,2015-01-31,02110725,33.6871151,-79.0047569,13.82,2015,1
27835,2015-01-31,02110777,33.8515612,-78.6558483,16.86,2015,1
27836,2015-01-31,02110802,33.64905837,-79.09420639,18.5,2015,1
27837,2015-01-31,021108125,33.50655724,-79.1269867,7.76,2015,1
27838,2015-01-31,02110815,33.44461245,-79.1739341,18.82,2015,1
27839,2015-01-31,02130561,34.60626798,-79.7883963,72.36,2015,1
27840,2015-01-31,02130840,34.6633333,-80.2116667,9.25,2015,1
27841,2015-01-31,02130900,34.51404244,-80.18312440000003,9.46,2015,1
27842,2015-01-31,02130910,34.39737618,-80.14979100000002,7.38,2015,1
27843,2015-01-31,02130980,34.24376518,-79.7447833,8.79,2015,1
27844,2015-01-31,02131000,34.20432518,-79.5483896,19.11,2015,1
27845,2015-01-31,02131010,34.15738145,-79.55339040000001,26.42,2015,1
27846,2015-01-31,02131472,34.51626465,-80.58285140000002,,2015,1
27847,2015-01-31,02131500,34.2501545,-80.2136816,14.4,2015,1
27848,2015-01-31,02132000,34.05154846,-79.7539545,12.97,2015,1
27849,2015-01-31,02135000,34.05710829,-79.2469897,9.03,2015,1
27850,2015-01-31,02136000,33.66127545,-79.83590448,9.43,2015,1
27851,2015-01-31,02136361,33.32850037,-79.3381102,1.92,2015,1
27852,2015-01-31,021457492,35.065,-81.1383333,5.67,2015,1
27853,2015-01-31,021459367,34.9868083,-81.00833889,4.02,2015,1
27854,2015-01-31,02146000,34.98486935,-80.97396579999999,7.37,2015,1
27855,2015-01-31,02146110,34.94444444,-80.97972220000003,3.4,2015,1
27856,2015-01-31,0214676115,35.040833299999996,-80.8916667,7.69,2015,1
27857,2015-01-31,02146800,35.0059812,-80.9022968,13.11,2015,1
27858,2015-01-31,02147020,34.83625705,-80.879518,9.79,2015,1
27859,2015-01-31,021473415,34.975,-81.18,3.88,2015,1
27860,2015-01-31,021473426,34.95653054,-81.1061882,5.13,2015,1
27861,2015-01-31,021473428,34.8895867,-81.06924599999998,4.47,2015,1
27862,2015-01-31,02147500,34.5654221,-80.9198025,6.78,2015,1
27863,2015-01-31,02148000,34.24459385,-80.6539697,18.3,2015,1
27864,2015-01-31,02153051,35.13762807,-81.5978723,101.04,2015,1
27865,2015-01-31,02153200,35.12401728,-81.58787199,7.04,2015,1
27866,2015-01-31,02153551,35.0312419,-81.492591,28.05,2015,1
27867,2015-01-31,02153590,35.11846498,-81.43647578,3.21,2015,1
27868,2015-01-31,02153700,35.0629045,-81.71454440000002,3.8,2015,1
27869,2015-01-31,02154500,35.12095166,-81.9859403,6.07,2015,1
27870,2015-01-31,02154790,35.10650510000001,-82.12955490000002,7.73,2015,1
27871,2015-01-31,02155500,35.10984144,-81.9595507,7.57,2015,1
27872,2015-01-31,021556525,35.0476231,-81.8556592,4.07,2015,1
27873,2015-01-31,02156300,34.9481803,-81.86871409999998,8.31,2015,1
27874,2015-01-31,021564493,34.66305556,-81.44722220000001,309.97,2015,1
27875,2015-01-31,02156500,34.5951393,-81.42120890000002,7.03,2015,1
27876,2015-01-31,02157470,35.03888889,-82.21861109999998,9.11,2015,1
27877,2015-01-31,02157510,34.940118700000006,-82.12344209999998,4.0,2015,1
27878,2015-01-31,02158408,34.92095239,-82.13010899999998,7.94,2015,1
27879,2015-01-31,02160105,34.535416299999994,-81.548158,8.88,2015,1
27880,2015-01-31,02160325,34.88345068,-82.30122779999998,6.0,2015,1
27881,2015-01-31,02160326,34.85650727,-82.22622468,7.81,2015,1
27882,2015-01-31,02160381,34.71678818,-82.1737222,4.23,2015,1
27883,2015-01-31,02160390,34.68345815,-82.0398229,7.3,2015,1
27884,2015-01-31,02160700,34.5093039,-81.5981594,20.85,2015,1
27885,2015-01-31,02160991,34.26070285,-81.3303747,226.23,2015,1
27886,2015-01-31,02161000,34.24320335,-81.319541,10.84,2015,1
27887,2015-01-31,02162035,34.048333299999996,-81.0733333,156.49,2015,1
27888,2015-01-31,02162093,34.02737615,-81.0417588,4.94,2015,1
27889,2015-01-31,02162290,35.06345088,-82.65012800000002,4.07,2015,1
27890,2015-01-31,02162350,35.1201172,-82.537623,3.96,2015,1
27891,2015-01-31,021623975,35.08388889,-82.46,3.9,2015,1
27892,2015-01-31,02162500,34.84233977,-82.4806814,4.58,2015,1
27893,2015-01-31,02163500,34.39178518,-82.22345068,8.6,2015,1
27894,2015-01-31,02164000,34.800118299999994,-82.3651213,4.73,2015,1
27895,2015-01-31,02164110,34.65289568,-82.29761859999998,11.58,2015,1
27896,2015-01-31,02165200,34.52011957,-82.15705140000001,2.14,2015,1
27897,2015-01-31,021652801,34.525,-82.1383333,6.28,2015,1
27898,2015-01-31,02166501,34.16763036,-81.9078923,10.79,2015,1
27899,2015-01-31,02167000,34.17457619,-81.864002,7.69,2015,1
27900,2015-01-31,02167450,34.20957949,-81.7631659,5.58,2015,1
27901,2015-01-31,02167582,34.1687501,-81.61038399,7.97,2015,1
27902,2015-01-31,02167705,34.04458079,-81.697051,17.06,2015,1
27903,2015-01-31,02168504,34.05098220000001,-81.2095418,15.78,2015,1
27904,2015-01-31,02169000,34.01404160000001,-81.08787170000002,7.99,2015,1
27905,2015-01-31,02169500,33.99320985,-81.049815,10.96,2015,1
27906,2015-01-31,02169506,33.9875,-81.0275,4.8,2015,1
27907,2015-01-31,02169568,34.01293324,-80.982035,4.33,2015,1
27908,2015-01-31,02169570,33.98960016,-80.97425729999998,4.16,2015,1
27909,2015-01-31,02169625,33.81071,-80.8670348,16.04,2015,1
27910,2015-01-31,02171001,33.4501652,-80.1636949,28.5,2015,1
27911,2015-01-31,02171645,33.4275,-79.915,23.77,2015,1
27912,2015-01-31,02171700,33.3048893,-79.67812629999997,12.3,2015,1
27913,2015-01-31,02171800,33.20850056,-79.38255799999997,8.04,2015,1
27914,2015-01-31,02171850,33.1840565,-79.4058929,12.05,2015,1
27915,2015-01-31,02172001,33.24461337,-79.991469,9.37,2015,1
27916,2015-01-31,02172002,33.21516925,-79.9745248,8.44,2015,1
27917,2015-01-31,02172035,33.131558399999996,-79.7836887,6.7,2015,1
27918,2015-01-31,02172040,33.06378245,-79.957027,17.71,2015,1
27919,2015-01-31,02172050,33.05767134,-79.93619338,18.7,2015,1
27920,2015-01-31,021720677,32.89045228,-79.9628645,14.65,2015,1
27921,2015-01-31,021720698,32.8590638,-79.8961963,22.4,2015,1
27922,2015-01-31,021720869,32.8346201,-80.02370140000002,12.9,2015,1
27923,2015-01-31,02172300,33.75347736,-81.6017714,4.19,2015,1
27924,2015-01-31,02172558,33.52027778,-81.41027779999997,13.29,2015,1
27925,2015-01-31,02173000,33.39320916,-81.1331559,6.72,2015,1
27926,2015-01-31,02173030,33.3590442,-81.0595425,9.37,2015,1
27927,2015-01-31,02173051,33.33710079,-81.01870799999998,10.74,2015,1
27928,2015-01-31,02173212,33.69,-81.2541667,2.88,2015,1
27929,2015-01-31,02173500,33.48348715,-80.87342578,7.21,2015,1
27930,2015-01-31,02175000,33.02794645,-80.39148759999998,9.51,2015,1
27931,2015-01-31,02175500,32.98904958,-81.0526044,3.85,2015,1
27932,2015-01-31,02176500,32.836277700000004,-81.1317718,6.96,2015,1
27933,2015-01-31,02177000,34.8139814,-83.305993,,2015,1
27934,2015-01-31,02186000,34.801501200000004,-82.74847249999998,7.26,2015,1
27935,2015-01-31,02186702,34.645,-82.8005556,4.16,2015,1
27936,2015-01-31,02187910,34.38316394,-82.577352,7.13,2015,1
27937,2015-01-31,02192500,34.07150595,-82.5006853,5.89,2015,1
27938,2015-01-31,02195520,33.592911799999996,-82.12317459,17.26,2015,1
27939,2015-01-31,02196000,33.72929717,-82.1817873,14.76,2015,1
27940,2015-01-31,02196485,33.54930154,-82.03678359999998,7.2,2015,1
27941,2015-01-31,02196999,33.37319627,-81.9420599,115.6,2015,1
27942,2015-01-31,02197000,33.3737518,-81.94289329,103.34,2015,1
27943,2015-01-31,02197300,33.3848664,-81.61649799999998,,2015,1
27944,2015-01-31,02197500,32.93904727,-81.50260779999998,8.25,2015,1
27945,2015-01-31,02198375,32.70333333,-81.42833329999998,8.14,2015,1
27946,2015-01-31,02198500,32.52823709,-81.26871649,7.75,2015,1
27947,2015-01-31,02198760,32.33936049,-81.12844379,8.35,2015,1
27948,2015-02-28,02110400,33.953505,-78.71973988,11.88,2015,2
27949,2015-02-28,02110500,33.9126719,-78.7150175,10.34,2015,2
27950,2015-02-28,02110550,33.8508333,-78.8972222,7.83,2015,2
27951,2015-02-28,02110701,33.86100349,-79.04114709999998,12.89,2015,2
27952,2015-02-28,02110725,33.6871151,-79.0047569,13.28,2015,2
27953,2015-02-28,02110777,33.8515612,-78.6558483,16.48,2015,2
27954,2015-02-28,02110802,33.64905837,-79.09420639,17.95,2015,2
27955,2015-02-28,021108125,33.50655724,-79.1269867,7.28,2015,2
27956,2015-02-28,02110815,33.44461245,-79.1739341,18.52,2015,2
27957,2015-02-28,02130561,34.60626798,-79.7883963,70.52,2015,2
27958,2015-02-28,02130840,34.6633333,-80.2116667,7.94,2015,2
27959,2015-02-28,02130900,34.51404244,-80.18312440000003,8.5,2015,2
27960,2015-02-28,02130910,34.39737618,-80.14979100000002,5.9,2015,2
27961,2015-02-28,02130980,34.24376518,-79.7447833,10.26,2015,2
27962,2015-02-28,02131000,34.20432518,-79.5483896,18.54,2015,2
27963,2015-02-28,02131010,34.15738145,-79.55339040000001,25.81,2015,2
27964,2015-02-28,02131472,34.51626465,-80.58285140000002,,2015,2
27965,2015-02-28,02131500,34.2501545,-80.2136816,11.41,2015,2
27966,2015-02-28,02132000,34.05154846,-79.7539545,11.32,2015,2
27967,2015-02-28,02135000,34.05710829,-79.2469897,8.91,2015,2
27968,2015-02-28,02136000,33.66127545,-79.83590448,10.56,2015,2
27969,2015-02-28,02136361,33.32850037,-79.3381102,2.03,2015,2
27970,2015-02-28,021457492,35.065,-81.1383333,4.12,2015,2
27971,2015-02-28,021459367,34.9868083,-81.00833889,2.76,2015,2
27972,2015-02-28,02146000,34.98486935,-80.97396579999999,7.91,2015,2
27973,2015-02-28,02146110,34.94444444,-80.97972220000003,3.39,2015,2
27974,2015-02-28,0214676115,35.040833299999996,-80.8916667,6.35,2015,2
27975,2015-02-28,02146800,35.0059812,-80.9022968,10.34,2015,2
27976,2015-02-28,02147020,34.83625705,-80.879518,9.84,2015,2
27977,2015-02-28,021473415,34.975,-81.18,3.43,2015,2
27978,2015-02-28,021473426,34.95653054,-81.1061882,3.51,2015,2
27979,2015-02-28,021473428,34.8895867,-81.06924599999998,4.17,2015,2
27980,2015-02-28,02147500,34.5654221,-80.9198025,6.41,2015,2
27981,2015-02-28,02148000,34.24459385,-80.6539697,13.79,2015,2
27982,2015-02-28,02153051,35.13762807,-81.5978723,100.36,2015,2
27983,2015-02-28,02153200,35.12401728,-81.58787199,3.99,2015,2
27984,2015-02-28,02153551,35.0312419,-81.492591,26.74,2015,2
27985,2015-02-28,02153590,35.11846498,-81.43647578,3.11,2015,2
27986,2015-02-28,02153700,35.0629045,-81.71454440000002,3.38,2015,2
27987,2015-02-28,02154500,35.12095166,-81.9859403,4.31,2015,2
27988,2015-02-28,02154790,35.10650510000001,-82.12955490000002,5.73,2015,2
27989,2015-02-28,02155500,35.10984144,-81.9595507,5.88,2015,2
27990,2015-02-28,021556525,35.0476231,-81.8556592,2.85,2015,2
27991,2015-02-28,02156300,34.9481803,-81.86871409999998,5.52,2015,2
27992,2015-02-28,021564493,34.66305556,-81.44722220000001,308.24,2015,2
27993,2015-02-28,02156500,34.5951393,-81.42120890000002,4.81,2015,2
27994,2015-02-28,02157470,35.03888889,-82.21861109999998,6.64,2015,2
27995,2015-02-28,02157510,34.940118700000006,-82.12344209999998,2.81,2015,2
27996,2015-02-28,02158408,34.92095239,-82.13010899999998,5.62,2015,2
27997,2015-02-28,02160105,34.535416299999994,-81.548158,6.79,2015,2
27998,2015-02-28,02160325,34.88345068,-82.30122779999998,3.04,2015,2
27999,2015-02-28,02160326,34.85650727,-82.22622468,5.57,2015,2
28000,2015-02-28,02160381,34.71678818,-82.1737222,3.6,2015,2
28001,2015-02-28,02160390,34.68345815,-82.0398229,4.68,2015,2
28002,2015-02-28,02160700,34.5093039,-81.5981594,18.28,2015,2
28003,2015-02-28,02160991,34.26070285,-81.3303747,224.6,2015,2
28004,2015-02-28,02161000,34.24320335,-81.319541,8.69,2015,2
28005,2015-02-28,02162035,34.048333299999996,-81.0733333,155.55,2015,2
28006,2015-02-28,02162093,34.02737615,-81.0417588,4.47,2015,2
28007,2015-02-28,02162290,35.06345088,-82.65012800000002,3.11,2015,2
28008,2015-02-28,02162350,35.1201172,-82.537623,3.08,2015,2
28009,2015-02-28,021623975,35.08388889,-82.46,5.08,2015,2
28010,2015-02-28,02162500,34.84233977,-82.4806814,3.63,2015,2
28011,2015-02-28,02163500,34.39178518,-82.22345068,4.77,2015,2
28012,2015-02-28,02164000,34.800118299999994,-82.3651213,2.21,2015,2
28013,2015-02-28,02164110,34.65289568,-82.29761859999998,8.93,2015,2
28014,2015-02-28,02165200,34.52011957,-82.15705140000001,1.45,2015,2
28015,2015-02-28,021652801,34.525,-82.1383333,4.81,2015,2
28016,2015-02-28,02166501,34.16763036,-81.9078923,10.63,2015,2
28017,2015-02-28,02167000,34.17457619,-81.864002,7.39,2015,2
28018,2015-02-28,02167450,34.20957949,-81.7631659,6.93,2015,2
28019,2015-02-28,02167582,34.1687501,-81.61038399,6.51,2015,2
28020,2015-02-28,02167705,34.04458079,-81.697051,15.91,2015,2
28021,2015-02-28,02168504,34.05098220000001,-81.2095418,11.21,2015,2
28022,2015-02-28,02169000,34.01404160000001,-81.08787170000002,6.5,2015,2
28023,2015-02-28,02169500,33.99320985,-81.049815,8.72,2015,2
28024,2015-02-28,02169506,33.9875,-81.0275,3.92,2015,2
28025,2015-02-28,02169568,34.01293324,-80.982035,3.83,2015,2
28026,2015-02-28,02169570,33.98960016,-80.97425729999998,4.75,2015,2
28027,2015-02-28,02169625,33.81071,-80.8670348,14.94,2015,2
28028,2015-02-28,02171001,33.4501652,-80.1636949,30.42,2015,2
28029,2015-02-28,02171645,33.4275,-79.915,21.57,2015,2
28030,2015-02-28,02171700,33.3048893,-79.67812629999997,8.29,2015,2
28031,2015-02-28,02171800,33.20850056,-79.38255799999997,7.53,2015,2
28032,2015-02-28,02171850,33.1840565,-79.4058929,11.76,2015,2
28033,2015-02-28,02172001,33.24461337,-79.991469,9.4,2015,2
28034,2015-02-28,02172002,33.21516925,-79.9745248,8.44,2015,2
28035,2015-02-28,02172035,33.131558399999996,-79.7836887,7.32,2015,2
28036,2015-02-28,02172040,33.06378245,-79.957027,17.85,2015,2
28037,2015-02-28,02172050,33.05767134,-79.93619338,18.62,2015,2
28038,2015-02-28,021720677,32.89045228,-79.9628645,14.39,2015,2
28039,2015-02-28,021720698,32.8590638,-79.8961963,22.22,2015,2
28040,2015-02-28,021720869,32.8346201,-80.02370140000002,12.65,2015,2
28041,2015-02-28,02172300,33.75347736,-81.6017714,5.22,2015,2
28042,2015-02-28,02172558,33.52027778,-81.41027779999997,14.03,2015,2
28043,2015-02-28,02173000,33.39320916,-81.1331559,6.9,2015,2
28044,2015-02-28,02173030,33.3590442,-81.0595425,9.53,2015,2
28045,2015-02-28,02173051,33.33710079,-81.01870799999998,11.14,2015,2
28046,2015-02-28,02173212,33.69,-81.2541667,3.24,2015,2
28047,2015-02-28,02173500,33.48348715,-80.87342578,7.96,2015,2
28048,2015-02-28,02175000,33.02794645,-80.39148759999998,10.46,2015,2
28049,2015-02-28,02175500,32.98904958,-81.0526044,4.36,2015,2
28050,2015-02-28,02176500,32.836277700000004,-81.1317718,7.89,2015,2
28051,2015-02-28,02177000,34.8139814,-83.305993,,2015,2
28052,2015-02-28,02186000,34.801501200000004,-82.74847249999998,3.16,2015,2
28053,2015-02-28,02186702,34.645,-82.8005556,4.62,2015,2
28054,2015-02-28,02187910,34.38316394,-82.577352,4.95,2015,2
28055,2015-02-28,02192500,34.07150595,-82.5006853,5.48,2015,2
28056,2015-02-28,02195520,33.592911799999996,-82.12317459,16.88,2015,2
28057,2015-02-28,02196000,33.72929717,-82.1817873,18.02,2015,2
28058,2015-02-28,02196485,33.54930154,-82.03678359999998,7.06,2015,2
28059,2015-02-28,02196999,33.37319627,-81.9420599,115.13,2015,2
28060,2015-02-28,02197000,33.3737518,-81.94289329,105.2,2015,2
28061,2015-02-28,02197300,33.3848664,-81.61649799999998,,2015,2
28062,2015-02-28,02197500,32.93904727,-81.50260779999998,11.75,2015,2
28063,2015-02-28,02198375,32.70333333,-81.42833329999998,11.53,2015,2
28064,2015-02-28,02198500,32.52823709,-81.26871649,9.96,2015,2
28065,2015-02-28,02198760,32.33936049,-81.12844379,8.97,2015,2
28066,2015-03-31,02110400,33.953505,-78.71973988,9.97,2015,3
28067,2015-03-31,02110500,33.9126719,-78.7150175,10.79,2015,3
28068,2015-03-31,02110550,33.8508333,-78.8972222,8.21,2015,3
28069,2015-03-31,02110701,33.86100349,-79.04114709999998,,2015,3
28070,2015-03-31,02110725,33.6871151,-79.0047569,13.57,2015,3
28071,2015-03-31,02110777,33.8515612,-78.6558483,16.79,2015,3
28072,2015-03-31,02110802,33.64905837,-79.09420639,18.33,2015,3
28073,2015-03-31,021108125,33.50655724,-79.1269867,7.68,2015,3
28074,2015-03-31,02110815,33.44461245,-79.1739341,18.9,2015,3
28075,2015-03-31,02130561,34.60626798,-79.7883963,69.67,2015,3
28076,2015-03-31,02130840,34.6633333,-80.2116667,6.91,2015,3
28077,2015-03-31,02130900,34.51404244,-80.18312440000003,8.55,2015,3
28078,2015-03-31,02130910,34.39737618,-80.14979100000002,6.72,2015,3
28079,2015-03-31,02130980,34.24376518,-79.7447833,8.76,2015,3
28080,2015-03-31,02131000,34.20432518,-79.5483896,19.15,2015,3
28081,2015-03-31,02131010,34.15738145,-79.55339040000001,26.56,2015,3
28082,2015-03-31,02131472,34.51626465,-80.58285140000002,,2015,3
28083,2015-03-31,02131500,34.2501545,-80.2136816,12.56,2015,3
28084,2015-03-31,02132000,34.05154846,-79.7539545,11.33,2015,3
28085,2015-03-31,02135000,34.05710829,-79.2469897,9.9,2015,3
28086,2015-03-31,02136000,33.66127545,-79.83590448,11.26,2015,3
28087,2015-03-31,02136361,33.32850037,-79.3381102,1.73,2015,3
28088,2015-03-31,021457492,35.065,-81.1383333,4.35,2015,3
28089,2015-03-31,021459367,34.9868083,-81.00833889,2.72,2015,3
28090,2015-03-31,02146000,34.98486935,-80.97396579999999,6.64,2015,3
28091,2015-03-31,02146110,34.94444444,-80.97972220000003,2.95,2015,3
28092,2015-03-31,0214676115,35.040833299999996,-80.8916667,6.0,2015,3
28093,2015-03-31,02146800,35.0059812,-80.9022968,10.43,2015,3
28094,2015-03-31,02147020,34.83625705,-80.879518,8.88,2015,3
28095,2015-03-31,021473415,34.975,-81.18,3.48,2015,3
28096,2015-03-31,021473426,34.95653054,-81.1061882,3.56,2015,3
28097,2015-03-31,021473428,34.8895867,-81.06924599999998,3.64,2015,3
28098,2015-03-31,02147500,34.5654221,-80.9198025,5.45,2015,3
28099,2015-03-31,02148000,34.24459385,-80.6539697,13.06,2015,3
28100,2015-03-31,02153051,35.13762807,-81.5978723,100.34,2015,3
28101,2015-03-31,02153200,35.12401728,-81.58787199,4.12,2015,3
28102,2015-03-31,02153551,35.0312419,-81.492591,26.77,2015,3
28103,2015-03-31,02153590,35.11846498,-81.43647578,3.15,2015,3
28104,2015-03-31,02153700,35.0629045,-81.71454440000002,3.41,2015,3
28105,2015-03-31,02154500,35.12095166,-81.9859403,4.11,2015,3
28106,2015-03-31,02154790,35.10650510000001,-82.12955490000002,5.19,2015,3
28107,2015-03-31,02155500,35.10984144,-81.9595507,6.58,2015,3
28108,2015-03-31,021556525,35.0476231,-81.8556592,2.57,2015,3
28109,2015-03-31,02156300,34.9481803,-81.86871409999998,5.35,2015,3
28110,2015-03-31,021564493,34.66305556,-81.44722220000001,308.37,2015,3
28111,2015-03-31,02156500,34.5951393,-81.42120890000002,4.77,2015,3
28112,2015-03-31,02157470,35.03888889,-82.21861109999998,6.19,2015,3
28113,2015-03-31,02157510,34.940118700000006,-82.12344209999998,2.54,2015,3
28114,2015-03-31,02158408,34.92095239,-82.13010899999998,5.19,2015,3
28115,2015-03-31,02160105,34.535416299999994,-81.548158,6.81,2015,3
28116,2015-03-31,02160325,34.88345068,-82.30122779999998,2.34,2015,3
28117,2015-03-31,02160326,34.85650727,-82.22622468,5.14,2015,3
28118,2015-03-31,02160381,34.71678818,-82.1737222,3.22,2015,3
28119,2015-03-31,02160390,34.68345815,-82.0398229,3.71,2015,3
28120,2015-03-31,02160700,34.5093039,-81.5981594,17.91,2015,3
28121,2015-03-31,02160991,34.26070285,-81.3303747,224.95,2015,3
28122,2015-03-31,02161000,34.24320335,-81.319541,9.61,2015,3
28123,2015-03-31,02162035,34.048333299999996,-81.0733333,156.08,2015,3
28124,2015-03-31,02162093,34.02737615,-81.0417588,2.12,2015,3
28125,2015-03-31,02162290,35.06345088,-82.65012800000002,3.0,2015,3
28126,2015-03-31,02162350,35.1201172,-82.537623,2.74,2015,3
28127,2015-03-31,021623975,35.08388889,-82.46,4.95,2015,3
28128,2015-03-31,02162500,34.84233977,-82.4806814,3.56,2015,3
28129,2015-03-31,02163500,34.39178518,-82.22345068,3.54,2015,3
28130,2015-03-31,02164000,34.800118299999994,-82.3651213,1.51,2015,3
28131,2015-03-31,02164110,34.65289568,-82.29761859999998,7.34,2015,3
28132,2015-03-31,02165200,34.52011957,-82.15705140000001,1.53,2015,3
28133,2015-03-31,021652801,34.525,-82.1383333,5.04,2015,3
28134,2015-03-31,02166501,34.16763036,-81.9078923,11.02,2015,3
28135,2015-03-31,02167000,34.17457619,-81.864002,6.51,2015,3
28136,2015-03-31,02167450,34.20957949,-81.7631659,4.85,2015,3
28137,2015-03-31,02167582,34.1687501,-81.61038399,3.43,2015,3
28138,2015-03-31,02167705,34.04458079,-81.697051,6.47,2015,3
28139,2015-03-31,02168504,34.05098220000001,-81.2095418,9.06,2015,3
28140,2015-03-31,02169000,34.01404160000001,-81.08787170000002,5.3,2015,3
28141,2015-03-31,02169500,33.99320985,-81.049815,7.64,2015,3
28142,2015-03-31,02169506,33.9875,-81.0275,2.57,2015,3
28143,2015-03-31,02169568,34.01293324,-80.982035,2.54,2015,3
28144,2015-03-31,02169570,33.98960016,-80.97425729999998,3.7,2015,3
28145,2015-03-31,02169625,33.81071,-80.8670348,13.79,2015,3
28146,2015-03-31,02171001,33.4501652,-80.1636949,28.43,2015,3
28147,2015-03-31,02171645,33.4275,-79.915,23.4,2015,3
28148,2015-03-31,02171700,33.3048893,-79.67812629999997,11.52,2015,3
28149,2015-03-31,02171800,33.20850056,-79.38255799999997,7.89,2015,3
28150,2015-03-31,02171850,33.1840565,-79.4058929,12.01,2015,3
28151,2015-03-31,02172001,33.24461337,-79.991469,9.76,2015,3
28152,2015-03-31,02172002,33.21516925,-79.9745248,8.84,2015,3
28153,2015-03-31,02172035,33.131558399999996,-79.7836887,6.41,2015,3
28154,2015-03-31,02172040,33.06378245,-79.957027,18.25,2015,3
28155,2015-03-31,02172050,33.05767134,-79.93619338,19.03,2015,3
28156,2015-03-31,021720677,32.89045228,-79.9628645,14.66,2015,3
28157,2015-03-31,021720698,32.8590638,-79.8961963,22.45,2015,3
28158,2015-03-31,021720869,32.8346201,-80.02370140000002,12.98,2015,3
28159,2015-03-31,02172300,33.75347736,-81.6017714,3.83,2015,3
28160,2015-03-31,02172558,33.52027778,-81.41027779999997,14.07,2015,3
28161,2015-03-31,02173000,33.39320916,-81.1331559,6.86,2015,3
28162,2015-03-31,02173030,33.3590442,-81.0595425,9.44,2015,3
28163,2015-03-31,02173051,33.33710079,-81.01870799999998,10.92,2015,3
28164,2015-03-31,02173212,33.69,-81.2541667,2.69,2015,3
28165,2015-03-31,02173500,33.48348715,-80.87342578,7.71,2015,3
28166,2015-03-31,02175000,33.02794645,-80.39148759999998,11.41,2015,3
28167,2015-03-31,02175500,32.98904958,-81.0526044,4.52,2015,3
28168,2015-03-31,02176500,32.836277700000004,-81.1317718,7.41,2015,3
28169,2015-03-31,02177000,34.8139814,-83.305993,,2015,3
28170,2015-03-31,02186000,34.801501200000004,-82.74847249999998,2.51,2015,3
28171,2015-03-31,02186702,34.645,-82.8005556,3.88,2015,3
28172,2015-03-31,02187910,34.38316394,-82.577352,4.5,2015,3
28173,2015-03-31,02192500,34.07150595,-82.5006853,4.13,2015,3
28174,2015-03-31,02195520,33.592911799999996,-82.12317459,17.7,2015,3
28175,2015-03-31,02196000,33.72929717,-82.1817873,8.46,2015,3
28176,2015-03-31,02196485,33.54930154,-82.03678359999998,7.24,2015,3
28177,2015-03-31,02196999,33.37319627,-81.9420599,115.67,2015,3
28178,2015-03-31,02197000,33.3737518,-81.94289329,104.95,2015,3
28179,2015-03-31,02197300,33.3848664,-81.61649799999998,,2015,3
28180,2015-03-31,02197500,32.93904727,-81.50260779999998,11.82,2015,3
28181,2015-03-31,02198375,32.70333333,-81.42833329999998,12.11,2015,3
28182,2015-03-31,02198500,32.52823709,-81.26871649,11.29,2015,3
28183,2015-03-31,02198760,32.33936049,-81.12844379,10.02,2015,3
28184,2015-04-30,02110400,33.953505,-78.71973988,8.59,2015,4
28185,2015-04-30,02110500,33.9126719,-78.7150175,9.51,2015,4
28186,2015-04-30,02110550,33.8508333,-78.8972222,6.36,2015,4
28187,2015-04-30,02110701,33.86100349,-79.04114709999998,,2015,4
28188,2015-04-30,02110725,33.6871151,-79.0047569,13.13,2015,4
28189,2015-04-30,02110777,33.8515612,-78.6558483,16.5,2015,4
28190,2015-04-30,02110802,33.64905837,-79.09420639,17.88,2015,4
28191,2015-04-30,021108125,33.50655724,-79.1269867,7.22,2015,4
28192,2015-04-30,02110815,33.44461245,-79.1739341,18.51,2015,4
28193,2015-04-30,02130561,34.60626798,-79.7883963,81.4,2015,4
28194,2015-04-30,02130840,34.6633333,-80.2116667,8.79,2015,4
28195,2015-04-30,02130900,34.51404244,-80.18312440000003,9.35,2015,4
28196,2015-04-30,02130910,34.39737618,-80.14979100000002,6.86,2015,4
28197,2015-04-30,02130980,34.24376518,-79.7447833,5.98,2015,4
28198,2015-04-30,02131000,34.20432518,-79.5483896,21.66,2015,4
28199,2015-04-30,02131010,34.15738145,-79.55339040000001,28.55,2015,4
28200,2015-04-30,02131472,34.51626465,-80.58285140000002,,2015,4
28201,2015-04-30,02131500,34.2501545,-80.2136816,13.25,2015,4
28202,2015-04-30,02132000,34.05154846,-79.7539545,11.0,2015,4
28203,2015-04-30,02135000,34.05710829,-79.2469897,8.26,2015,4
28204,2015-04-30,02136000,33.66127545,-79.83590448,9.78,2015,4
28205,2015-04-30,02136361,33.32850037,-79.3381102,1.61,2015,4
28206,2015-04-30,021457492,35.065,-81.1383333,11.63,2015,4
28207,2015-04-30,021459367,34.9868083,-81.00833889,10.45,2015,4
28208,2015-04-30,02146000,34.98486935,-80.97396579999999,8.09,2015,4
28209,2015-04-30,02146110,34.94444444,-80.97972220000003,7.07,2015,4
28210,2015-04-30,0214676115,35.040833299999996,-80.8916667,14.28,2015,4
28211,2015-04-30,02146800,35.0059812,-80.9022968,19.7,2015,4
28212,2015-04-30,02147020,34.83625705,-80.879518,14.82,2015,4
28213,2015-04-30,021473415,34.975,-81.18,10.63,2015,4
28214,2015-04-30,021473426,34.95653054,-81.1061882,10.99,2015,4
28215,2015-04-30,021473428,34.8895867,-81.06924599999998,12.76,2015,4
28216,2015-04-30,02147500,34.5654221,-80.9198025,7.93,2015,4
28217,2015-04-30,02148000,34.24459385,-80.6539697,21.45,2015,4
28218,2015-04-30,02153051,35.13762807,-81.5978723,101.44,2015,4
28219,2015-04-30,02153200,35.12401728,-81.58787199,10.27,2015,4
28220,2015-04-30,02153551,35.0312419,-81.492591,30.5,2015,4
28221,2015-04-30,02153590,35.11846498,-81.43647578,4.87,2015,4
28222,2015-04-30,02153700,35.0629045,-81.71454440000002,8.22,2015,4
28223,2015-04-30,02154500,35.12095166,-81.9859403,6.01,2015,4
28224,2015-04-30,02154790,35.10650510000001,-82.12955490000002,7.52,2015,4
28225,2015-04-30,02155500,35.10984144,-81.9595507,10.95,2015,4
28226,2015-04-30,021556525,35.0476231,-81.8556592,7.39,2015,4
28227,2015-04-30,02156300,34.9481803,-81.86871409999998,11.5,2015,4
28228,2015-04-30,021564493,34.66305556,-81.44722220000001,315.55,2015,4
28229,2015-04-30,02156500,34.5951393,-81.42120890000002,13.71,2015,4
28230,2015-04-30,02157470,35.03888889,-82.21861109999998,8.78,2015,4
28231,2015-04-30,02157510,34.940118700000006,-82.12344209999998,4.53,2015,4
28232,2015-04-30,02158408,34.92095239,-82.13010899999998,9.32,2015,4
28233,2015-04-30,02160105,34.535416299999994,-81.548158,13.37,2015,4
28234,2015-04-30,02160325,34.88345068,-82.30122779999998,5.12,2015,4
28235,2015-04-30,02160326,34.85650727,-82.22622468,8.32,2015,4
28236,2015-04-30,02160381,34.71678818,-82.1737222,4.85,2015,4
28237,2015-04-30,02160390,34.68345815,-82.0398229,10.59,2015,4
28238,2015-04-30,02160700,34.5093039,-81.5981594,23.13,2015,4
28239,2015-04-30,02160991,34.26070285,-81.3303747,230.38,2015,4
28240,2015-04-30,02161000,34.24320335,-81.319541,15.48,2015,4
28241,2015-04-30,02162035,34.048333299999996,-81.0733333,159.02,2015,4
28242,2015-04-30,02162093,34.02737615,-81.0417588,5.44,2015,4
28243,2015-04-30,02162290,35.06345088,-82.65012800000002,4.31,2015,4
28244,2015-04-30,02162350,35.1201172,-82.537623,3.81,2015,4
28245,2015-04-30,021623975,35.08388889,-82.46,5.45,2015,4
28246,2015-04-30,02162500,34.84233977,-82.4806814,4.49,2015,4
28247,2015-04-30,02163500,34.39178518,-82.22345068,8.04,2015,4
28248,2015-04-30,02164000,34.800118299999994,-82.3651213,3.84,2015,4
28249,2015-04-30,02164110,34.65289568,-82.29761859999998,11.28,2015,4
28250,2015-04-30,02165200,34.52011957,-82.15705140000001,2.84,2015,4
28251,2015-04-30,021652801,34.525,-82.1383333,7.57,2015,4
28252,2015-04-30,02166501,34.16763036,-81.9078923,11.38,2015,4
28253,2015-04-30,02167000,34.17457619,-81.864002,8.49,2015,4
28254,2015-04-30,02167450,34.20957949,-81.7631659,8.73,2015,4
28255,2015-04-30,02167582,34.1687501,-81.61038399,6.8,2015,4
28256,2015-04-30,02168504,34.05098220000001,-81.2095418,13.62,2015,4
28257,2015-04-30,02169000,34.01404160000001,-81.08787170000002,7.34,2015,4
28258,2015-04-30,02169500,33.99320985,-81.049815,15.13,2015,4
28259,2015-04-30,02169506,33.9875,-81.0275,5.23,2015,4
28260,2015-04-30,02169568,34.01293324,-80.982035,4.78,2015,4
28261,2015-04-30,02169570,33.98960016,-80.97425729999998,3.84,2015,4
28262,2015-04-30,02169625,33.81071,-80.8670348,17.13,2015,4
28263,2015-04-30,02171001,33.4501652,-80.1636949,34.92,2015,4
28264,2015-04-30,02171645,33.4275,-79.915,23.85,2015,4
28265,2015-04-30,02171700,33.3048893,-79.67812629999997,13.19,2015,4
28266,2015-04-30,02171800,33.20850056,-79.38255799999997,7.85,2015,4
28267,2015-04-30,02171850,33.1840565,-79.4058929,11.99,2015,4
28268,2015-04-30,02172001,33.24461337,-79.991469,9.24,2015,4
28269,2015-04-30,02172002,33.21516925,-79.9745248,8.31,2015,4
28270,2015-04-30,02172035,33.131558399999996,-79.7836887,5.2,2015,4
28271,2015-04-30,02172040,33.06378245,-79.957027,17.63,2015,4
28272,2015-04-30,02172050,33.05767134,-79.93619338,18.52,2015,4
28273,2015-04-30,021720677,32.89045228,-79.9628645,14.41,2015,4
28274,2015-04-30,021720698,32.8590638,-79.8961963,22.27,2015,4
28275,2015-04-30,021720869,32.8346201,-80.02370140000002,12.73,2015,4
28276,2015-04-30,02172300,33.75347736,-81.6017714,4.78,2015,4
28277,2015-04-30,02172558,33.52027778,-81.41027779999997,13.72,2015,4
28278,2015-04-30,02173000,33.39320916,-81.1331559,6.59,2015,4
28279,2015-04-30,02173030,33.3590442,-81.0595425,9.2,2015,4
28280,2015-04-30,02173051,33.33710079,-81.01870799999998,10.51,2015,4
28281,2015-04-30,02173212,33.69,-81.2541667,3.4,2015,4
28282,2015-04-30,02173500,33.48348715,-80.87342578,7.04,2015,4
28283,2015-04-30,02175000,33.02794645,-80.39148759999998,10.33,2015,4
28284,2015-04-30,02175500,32.98904958,-81.0526044,4.3,2015,4
28285,2015-04-30,02176500,32.836277700000004,-81.1317718,6.6,2015,4
28286,2015-04-30,02177000,34.8139814,-83.305993,,2015,4
28287,2015-04-30,02186000,34.801501200000004,-82.74847249999998,6.38,2015,4
28288,2015-04-30,02186702,34.645,-82.8005556,5.77,2015,4
28289,2015-04-30,02187910,34.38316394,-82.577352,8.47,2015,4
28290,2015-04-30,02192500,34.07150595,-82.5006853,5.01,2015,4
28291,2015-04-30,02195520,33.592911799999996,-82.12317459,18.47,2015,4
28292,2015-04-30,02196000,33.72929717,-82.1817873,11.1,2015,4
28293,2015-04-30,02196485,33.54930154,-82.03678359999998,7.33,2015,4
28294,2015-04-30,02196999,33.37319627,-81.9420599,116.06,2015,4
28295,2015-04-30,02197000,33.3737518,-81.94289329,107.91,2015,4
28296,2015-04-30,02197300,33.3848664,-81.61649799999998,,2015,4
28297,2015-04-30,02197500,32.93904727,-81.50260779999998,11.72,2015,4
28298,2015-04-30,02198375,32.70333333,-81.42833329999998,11.64,2015,4
28299,2015-04-30,02198500,32.52823709,-81.26871649,11.03,2015,4
28300,2015-04-30,02198760,32.33936049,-81.12844379,9.7,2015,4
28301,2015-05-31,02110400,33.953505,-78.71973988,8.89,2015,5
28302,2015-05-31,02110500,33.9126719,-78.7150175,9.79,2015,5
28303,2015-05-31,02110550,33.8508333,-78.8972222,6.28,2015,5
28304,2015-05-31,02110701,33.86100349,-79.04114709999998,,2015,5
28305,2015-05-31,02110725,33.6871151,-79.0047569,13.4,2015,5
28306,2015-05-31,02110777,33.8515612,-78.6558483,17.22,2015,5
28307,2015-05-31,02110802,33.64905837,-79.09420639,18.09,2015,5
28308,2015-05-31,021108125,33.50655724,-79.1269867,7.36,2015,5
28309,2015-05-31,02110815,33.44461245,-79.1739341,18.6,2015,5
28310,2015-05-31,02130561,34.60626798,-79.7883963,59.01,2015,5
28311,2015-05-31,02130840,34.6633333,-80.2116667,5.59,2015,5
28312,2015-05-31,02130900,34.51404244,-80.18312440000003,6.84,2015,5
28313,2015-05-31,02130910,34.39737618,-80.14979100000002,5.21,2015,5
28314,2015-05-31,02130980,34.24376518,-79.7447833,4.36,2015,5
28315,2015-05-31,02131000,34.20432518,-79.5483896,15.44,2015,5
28316,2015-05-31,02131010,34.15738145,-79.55339040000001,23.74,2015,5
28317,2015-05-31,02131472,34.51626465,-80.58285140000002,,2015,5
28318,2015-05-31,02131500,34.2501545,-80.2136816,7.15,2015,5
28319,2015-05-31,02132000,34.05154846,-79.7539545,7.12,2015,5
28320,2015-05-31,02135000,34.05710829,-79.2469897,7.32,2015,5
28321,2015-05-31,02136000,33.66127545,-79.83590448,8.53,2015,5
28322,2015-05-31,02136361,33.32850037,-79.3381102,1.9,2015,5
28323,2015-05-31,021457492,35.065,-81.1383333,3.42,2015,5
28324,2015-05-31,021459367,34.9868083,-81.00833889,1.42,2015,5
28325,2015-05-31,02146000,34.98486935,-80.97396579999999,6.57,2015,5
28326,2015-05-31,02146110,34.94444444,-80.97972220000003,2.11,2015,5
28327,2015-05-31,0214676115,35.040833299999996,-80.8916667,7.1,2015,5
28328,2015-05-31,02146800,35.0059812,-80.9022968,9.44,2015,5
28329,2015-05-31,02147020,34.83625705,-80.879518,8.61,2015,5
28330,2015-05-31,021473415,34.975,-81.18,3.0,2015,5
28331,2015-05-31,021473426,34.95653054,-81.1061882,2.8,2015,5
28332,2015-05-31,021473428,34.8895867,-81.06924599999998,2.88,2015,5
28333,2015-05-31,02147500,34.5654221,-80.9198025,3.78,2015,5
28334,2015-05-31,02148000,34.24459385,-80.6539697,9.45,2015,5
28335,2015-05-31,02153051,35.13762807,-81.5978723,100.51,2015,5
28336,2015-05-31,02153200,35.12401728,-81.58787199,3.98,2015,5
28337,2015-05-31,02153551,35.0312419,-81.492591,26.74,2015,5
28338,2015-05-31,02153590,35.11846498,-81.43647578,2.98,2015,5
28339,2015-05-31,02153700,35.0629045,-81.71454440000002,3.27,2015,5
28340,2015-05-31,02154500,35.12095166,-81.9859403,3.67,2015,5
28341,2015-05-31,02154790,35.10650510000001,-82.12955490000002,4.25,2015,5
28342,2015-05-31,02155500,35.10984144,-81.9595507,7.17,2015,5
28343,2015-05-31,021556525,35.0476231,-81.8556592,2.77,2015,5
28344,2015-05-31,02156300,34.9481803,-81.86871409999998,8.39,2015,5
28345,2015-05-31,021564493,34.66305556,-81.44722220000001,307.89,2015,5
28346,2015-05-31,02156500,34.5951393,-81.42120890000002,4.37,2015,5
28347,2015-05-31,02157470,35.03888889,-82.21861109999998,5.8,2015,5
28348,2015-05-31,02157510,34.940118700000006,-82.12344209999998,2.79,2015,5
28349,2015-05-31,02158408,34.92095239,-82.13010899999998,6.93,2015,5
28350,2015-05-31,02160105,34.535416299999994,-81.548158,5.49,2015,5
28351,2015-05-31,02160325,34.88345068,-82.30122779999998,4.26,2015,5
28352,2015-05-31,02160326,34.85650727,-82.22622468,6.84,2015,5
28353,2015-05-31,02160381,34.71678818,-82.1737222,3.37,2015,5
28354,2015-05-31,02160390,34.68345815,-82.0398229,4.58,2015,5
28355,2015-05-31,02160700,34.5093039,-81.5981594,17.55,2015,5
28356,2015-05-31,02160991,34.26070285,-81.3303747,223.53,2015,5
28357,2015-05-31,02161000,34.24320335,-81.319541,6.99,2015,5
28358,2015-05-31,02162035,34.048333299999996,-81.0733333,154.78,2015,5
28359,2015-05-31,02162093,34.02737615,-81.0417588,4.69,2015,5
28360,2015-05-31,02162290,35.06345088,-82.65012800000002,2.45,2015,5
28361,2015-05-31,02162350,35.1201172,-82.537623,2.83,2015,5
28362,2015-05-31,021623975,35.08388889,-82.46,4.06,2015,5
28363,2015-05-31,02162500,34.84233977,-82.4806814,3.3,2015,5
28364,2015-05-31,02163500,34.39178518,-82.22345068,3.74,2015,5
28365,2015-05-31,02164000,34.800118299999994,-82.3651213,2.12,2015,5
28366,2015-05-31,02164110,34.65289568,-82.29761859999998,7.85,2015,5
28367,2015-05-31,02165200,34.52011957,-82.15705140000001,1.24,2015,5
28368,2015-05-31,021652801,34.525,-82.1383333,4.34,2015,5
28369,2015-05-31,02166501,34.16763036,-81.9078923,8.01,2015,5
28370,2015-05-31,02167000,34.17457619,-81.864002,4.3,2015,5
28371,2015-05-31,02167450,34.20957949,-81.7631659,3.43,2015,5
28372,2015-05-31,02167582,34.1687501,-81.61038399,2.13,2015,5
28373,2015-05-31,02168504,34.05098220000001,-81.2095418,11.05,2015,5
28374,2015-05-31,02169000,34.01404160000001,-81.08787170000002,6.35,2015,5
28375,2015-05-31,02169500,33.99320985,-81.049815,6.35,2015,5
28376,2015-05-31,02169506,33.9875,-81.0275,3.94,2015,5
28377,2015-05-31,02169568,34.01293324,-80.982035,5.65,2015,5
28378,2015-05-31,02169570,33.98960016,-80.97425729999998,2.14,2015,5
28379,2015-05-31,02169625,33.81071,-80.8670348,8.56,2015,5
28380,2015-05-31,02171001,33.4501652,-80.1636949,29.75,2015,5
28381,2015-05-31,02171645,33.4275,-79.915,23.69,2015,5
28382,2015-05-31,02171700,33.3048893,-79.67812629999997,13.22,2015,5
28383,2015-05-31,02171800,33.20850056,-79.38255799999997,7.96,2015,5
28384,2015-05-31,02171850,33.1840565,-79.4058929,11.98,2015,5
28385,2015-05-31,02172001,33.24461337,-79.991469,9.28,2015,5
28386,2015-05-31,02172002,33.21516925,-79.9745248,8.36,2015,5
28387,2015-05-31,02172035,33.131558399999996,-79.7836887,5.48,2015,5
28388,2015-05-31,02172040,33.06378245,-79.957027,17.73,2015,5
28389,2015-05-31,02172050,33.05767134,-79.93619338,18.63,2015,5
28390,2015-05-31,021720677,32.89045228,-79.9628645,14.37,2015,5
28391,2015-05-31,021720698,32.8590638,-79.8961963,22.17,2015,5
28392,2015-05-31,021720869,32.8346201,-80.02370140000002,12.65,2015,5
28393,2015-05-31,02172300,33.75347736,-81.6017714,3.37,2015,5
28394,2015-05-31,02172558,33.52027778,-81.41027779999997,12.58,2015,5
28395,2015-05-31,02173000,33.39320916,-81.1331559,5.92,2015,5
28396,2015-05-31,02173030,33.3590442,-81.0595425,8.61,2015,5
28397,2015-05-31,02173051,33.33710079,-81.01870799999998,9.62,2015,5
28398,2015-05-31,02173212,33.69,-81.2541667,2.59,2015,5
28399,2015-05-31,02173500,33.48348715,-80.87342578,5.49,2015,5
28400,2015-05-31,02175000,33.02794645,-80.39148759999998,8.57,2015,5
28401,2015-05-31,02175500,32.98904958,-81.0526044,3.48,2015,5
28402,2015-05-31,02176500,32.836277700000004,-81.1317718,6.6,2015,5
28403,2015-05-31,02177000,34.8139814,-83.305993,,2015,5
28404,2015-05-31,02186000,34.801501200000004,-82.74847249999998,2.52,2015,5
28405,2015-05-31,02186702,34.645,-82.8005556,5.33,2015,5
28406,2015-05-31,02187910,34.38316394,-82.577352,3.93,2015,5
28407,2015-05-31,02192500,34.07150595,-82.5006853,3.48,2015,5
28408,2015-05-31,02195520,33.592911799999996,-82.12317459,16.93,2015,5
28409,2015-05-31,02196000,33.72929717,-82.1817873,4.27,2015,5
28410,2015-05-31,02196485,33.54930154,-82.03678359999998,7.32,2015,5
28411,2015-05-31,02196999,33.37319627,-81.9420599,114.96,2015,5
28412,2015-05-31,02197000,33.3737518,-81.94289329,101.69,2015,5
28413,2015-05-31,02197300,33.3848664,-81.61649799999998,,2015,5
28414,2015-05-31,02197500,32.93904727,-81.50260779999998,10.64,2015,5
28415,2015-05-31,02198375,32.70333333,-81.42833329999998,11.62,2015,5
28416,2015-05-31,02198500,32.52823709,-81.26871649,11.08,2015,5
28417,2015-05-31,02198760,32.33936049,-81.12844379,9.91,2015,5
28418,2015-06-30,02110400,33.953505,-78.71973988,5.84,2015,6
28419,2015-06-30,02110500,33.9126719,-78.7150175,6.68,2015,6
28420,2015-06-30,02110550,33.8508333,-78.8972222,2.88,2015,6
28421,2015-06-30,02110701,33.86100349,-79.04114709999998,,2015,6
28422,2015-06-30,02110725,33.6871151,-79.0047569,12.83,2015,6
28423,2015-06-30,02110777,33.8515612,-78.6558483,16.1,2015,6
28424,2015-06-30,02110802,33.64905837,-79.09420639,17.56,2015,6
28425,2015-06-30,021108125,33.50655724,-79.1269867,7.02,2015,6
28426,2015-06-30,02110815,33.44461245,-79.1739341,18.29,2015,6
28427,2015-06-30,02130561,34.60626798,-79.7883963,57.13,2015,6
28428,2015-06-30,02130840,34.6633333,-80.2116667,6.91,2015,6
28429,2015-06-30,02130900,34.51404244,-80.18312440000003,7.87,2015,6
28430,2015-06-30,02130910,34.39737618,-80.14979100000002,4.52,2015,6
28431,2015-06-30,02130980,34.24376518,-79.7447833,4.58,2015,6
28432,2015-06-30,02131000,34.20432518,-79.5483896,7.49,2015,6
28433,2015-06-30,02131010,34.15738145,-79.55339040000001,15.19,2015,6
28434,2015-06-30,02131472,34.51626465,-80.58285140000002,,2015,6
28435,2015-06-30,02131500,34.2501545,-80.2136816,7.94,2015,6
28436,2015-06-30,02132000,34.05154846,-79.7539545,3.84,2015,6
28437,2015-06-30,02135000,34.05710829,-79.2469897,5.4,2015,6
28438,2015-06-30,02136000,33.66127545,-79.83590448,2.68,2015,6
28439,2015-06-30,02136361,33.32850037,-79.3381102,1.49,2015,6
28440,2015-06-30,021457492,35.065,-81.1383333,3.24,2015,6
28441,2015-06-30,021459367,34.9868083,-81.00833889,7.04,2015,6
28442,2015-06-30,02146000,34.98486935,-80.97396579999999,5.99,2015,6
28443,2015-06-30,02146110,34.94444444,-80.97972220000003,9.93,2015,6
28444,2015-06-30,0214676115,35.040833299999996,-80.8916667,5.07,2015,6
28445,2015-06-30,02146800,35.0059812,-80.9022968,9.92,2015,6
28446,2015-06-30,02147020,34.83625705,-80.879518,6.86,2015,6
28447,2015-06-30,021473415,34.975,-81.18,3.05,2015,6
28448,2015-06-30,021473426,34.95653054,-81.1061882,3.79,2015,6
28449,2015-06-30,021473428,34.8895867,-81.06924599999998,4.7,2015,6
28450,2015-06-30,02147500,34.5654221,-80.9198025,3.93,2015,6
28451,2015-06-30,02148000,34.24459385,-80.6539697,9.88,2015,6
28452,2015-06-30,02153051,35.13762807,-81.5978723,100.57,2015,6
28453,2015-06-30,02153200,35.12401728,-81.58787199,4.35,2015,6
28454,2015-06-30,02153551,35.0312419,-81.492591,26.73,2015,6
28455,2015-06-30,02153590,35.11846498,-81.43647578,3.26,2015,6
28456,2015-06-30,02153700,35.0629045,-81.71454440000002,3.65,2015,6
28457,2015-06-30,02154500,35.12095166,-81.9859403,4.73,2015,6
28458,2015-06-30,02154790,35.10650510000001,-82.12955490000002,4.57,2015,6
28459,2015-06-30,02155500,35.10984144,-81.9595507,7.49,2015,6
28460,2015-06-30,021556525,35.0476231,-81.8556592,2.96,2015,6
28461,2015-06-30,02156300,34.9481803,-81.86871409999998,8.06,2015,6
28462,2015-06-30,021564493,34.66305556,-81.44722220000001,308.05,2015,6
28463,2015-06-30,02156500,34.5951393,-81.42120890000002,4.59,2015,6
28464,2015-06-30,02157470,35.03888889,-82.21861109999998,5.87,2015,6
28465,2015-06-30,02157510,34.940118700000006,-82.12344209999998,2.69,2015,6
28466,2015-06-30,02158408,34.92095239,-82.13010899999998,5.6,2015,6
28467,2015-06-30,02160105,34.535416299999994,-81.548158,5.43,2015,6
28468,2015-06-30,02160325,34.88345068,-82.30122779999998,5.9,2015,6
28469,2015-06-30,02160326,34.85650727,-82.22622468,5.76,2015,6
28470,2015-06-30,02160381,34.71678818,-82.1737222,4.95,2015,6
28471,2015-06-30,02160390,34.68345815,-82.0398229,5.24,2015,6
28472,2015-06-30,02160700,34.5093039,-81.5981594,18.21,2015,6
28473,2015-06-30,02160991,34.26070285,-81.3303747,224.33,2015,6
28474,2015-06-30,02161000,34.24320335,-81.319541,9.51,2015,6
28475,2015-06-30,02162035,34.048333299999996,-81.0733333,155.37,2015,6
28476,2015-06-30,02162093,34.02737615,-81.0417588,9.86,2015,6
28477,2015-06-30,02162290,35.06345088,-82.65012800000002,3.19,2015,6
28478,2015-06-30,02162350,35.1201172,-82.537623,2.64,2015,6
28479,2015-06-30,021623975,35.08388889,-82.46,4.48,2015,6
28480,2015-06-30,02162500,34.84233977,-82.4806814,3.18,2015,6
28481,2015-06-30,02163500,34.39178518,-82.22345068,6.54,2015,6
28482,2015-06-30,02164000,34.800118299999994,-82.3651213,2.34,2015,6
28483,2015-06-30,02164110,34.65289568,-82.29761859999998,8.39,2015,6
28484,2015-06-30,02165200,34.52011957,-82.15705140000001,1.32,2015,6
28485,2015-06-30,021652801,34.525,-82.1383333,5.12,2015,6
28486,2015-06-30,02166501,34.16763036,-81.9078923,13.45,2015,6
28487,2015-06-30,02167000,34.17457619,-81.864002,11.49,2015,6
28488,2015-06-30,02167450,34.20957949,-81.7631659,4.97,2015,6
28489,2015-06-30,02167582,34.1687501,-81.61038399,7.38,2015,6
28490,2015-06-30,02168504,34.05098220000001,-81.2095418,5.14,2015,6
28491,2015-06-30,02169000,34.01404160000001,-81.08787170000002,4.7,2015,6
28492,2015-06-30,02169500,33.99320985,-81.049815,6.1,2015,6
28493,2015-06-30,02169506,33.9875,-81.0275,11.28,2015,6
28494,2015-06-30,02169568,34.01293324,-80.982035,6.89,2015,6
28495,2015-06-30,02169570,33.98960016,-80.97425729999998,5.93,2015,6
28496,2015-06-30,02169625,33.81071,-80.8670348,8.72,2015,6
28497,2015-06-30,02171001,33.4501652,-80.1636949,28.27,2015,6
28498,2015-06-30,02171645,33.4275,-79.915,15.43,2015,6
28499,2015-06-30,02171700,33.3048893,-79.67812629999997,3.98,2015,6
28500,2015-06-30,02171800,33.20850056,-79.38255799999997,7.26,2015,6
28501,2015-06-30,02171850,33.1840565,-79.4058929,11.64,2015,6
28502,2015-06-30,02172001,33.24461337,-79.991469,9.19,2015,6
28503,2015-06-30,02172002,33.21516925,-79.9745248,8.28,2015,6
28504,2015-06-30,02172035,33.131558399999996,-79.7836887,6.97,2015,6
28505,2015-06-30,02172040,33.06378245,-79.957027,17.59,2015,6
28506,2015-06-30,02172050,33.05767134,-79.93619338,18.5,2015,6
28507,2015-06-30,021720677,32.89045228,-79.9628645,14.08,2015,6
28508,2015-06-30,021720698,32.8590638,-79.8961963,21.89,2015,6
28509,2015-06-30,021720869,32.8346201,-80.02370140000002,12.33,2015,6
28510,2015-06-30,02172300,33.75347736,-81.6017714,5.84,2015,6
28511,2015-06-30,02172558,33.52027778,-81.41027779999997,13.72,2015,6
28512,2015-06-30,02173000,33.39320916,-81.1331559,5.83,2015,6
28513,2015-06-30,02173030,33.3590442,-81.0595425,8.39,2015,6
28514,2015-06-30,02173051,33.33710079,-81.01870799999998,9.09,2015,6
28515,2015-06-30,02173212,33.69,-81.2541667,2.77,2015,6
28516,2015-06-30,02173500,33.48348715,-80.87342578,5.58,2015,6
28517,2015-06-30,02175000,33.02794645,-80.39148759999998,3.73,2015,6
28518,2015-06-30,02175500,32.98904958,-81.0526044,2.85,2015,6
28519,2015-06-30,02176500,32.836277700000004,-81.1317718,5.99,2015,6
28520,2015-06-30,02177000,34.8139814,-83.305993,,2015,6
28521,2015-06-30,02186000,34.801501200000004,-82.74847249999998,2.34,2015,6
28522,2015-06-30,02186702,34.645,-82.8005556,4.52,2015,6
28523,2015-06-30,02187910,34.38316394,-82.577352,7.51,2015,6
28524,2015-06-30,02192500,34.07150595,-82.5006853,13.2,2015,6
28525,2015-06-30,02195520,33.592911799999996,-82.12317459,17.92,2015,6
28526,2015-06-30,02196000,33.72929717,-82.1817873,20.41,2015,6
28527,2015-06-30,02196485,33.54930154,-82.03678359999998,7.75,2015,6
28528,2015-06-30,02196999,33.37319627,-81.9420599,115.6,2015,6
28529,2015-06-30,02197000,33.3737518,-81.94289329,109.61,2015,6
28530,2015-06-30,02197300,33.3848664,-81.61649799999998,,2015,6
28531,2015-06-30,02197500,32.93904727,-81.50260779999998,10.86,2015,6
28532,2015-06-30,02198375,32.70333333,-81.42833329999998,9.35,2015,6
28533,2015-06-30,02198500,32.52823709,-81.26871649,8.37,2015,6
28534,2015-06-30,02198760,32.33936049,-81.12844379,7.81,2015,6
28535,2015-07-31,02110400,33.953505,-78.71973988,8.51,2015,7
28536,2015-07-31,02110500,33.9126719,-78.7150175,6.72,2015,7
28537,2015-07-31,02110550,33.8508333,-78.8972222,2.35,2015,7
28538,2015-07-31,02110701,33.86100349,-79.04114709999998,11.23,2015,7
28539,2015-07-31,02110725,33.6871151,-79.0047569,12.82,2015,7
28540,2015-07-31,02110777,33.8515612,-78.6558483,16.43,2015,7
28541,2015-07-31,02110802,33.64905837,-79.09420639,17.55,2015,7
28542,2015-07-31,021108125,33.50655724,-79.1269867,7.2,2015,7
28543,2015-07-31,02110815,33.44461245,-79.1739341,18.53,2015,7
28544,2015-07-31,02130561,34.60626798,-79.7883963,56.13,2015,7
28545,2015-07-31,02130840,34.6633333,-80.2116667,4.3,2015,7
28546,2015-07-31,02130900,34.51404244,-80.18312440000003,5.47,2015,7
28547,2015-07-31,02130910,34.39737618,-80.14979100000002,3.3,2015,7
28548,2015-07-31,02130980,34.24376518,-79.7447833,3.28,2015,7
28549,2015-07-31,02131000,34.20432518,-79.5483896,4.94,2015,7
28550,2015-07-31,02131010,34.15738145,-79.55339040000001,12.46,2015,7
28551,2015-07-31,021313485,34.582222200000004,-80.4569444,4.13,2015,7
28552,2015-07-31,02131452,34.5858333,-80.5805556,4.39,2015,7
28553,2015-07-31,02131455,34.5512656,-80.54646109999999,5.21,2015,7
28554,2015-07-31,02131472,34.51626465,-80.58285140000002,,2015,7
28555,2015-07-31,02131500,34.2501545,-80.2136816,5.04,2015,7
28556,2015-07-31,02132000,34.05154846,-79.7539545,1.82,2015,7
28557,2015-07-31,02135000,34.05710829,-79.2469897,5.33,2015,7
28558,2015-07-31,02136000,33.66127545,-79.83590448,1.91,2015,7
28559,2015-07-31,02136361,33.32850037,-79.3381102,1.29,2015,7
28560,2015-07-31,021457492,35.065,-81.1383333,4.17,2015,7
28561,2015-07-31,021459367,34.9868083,-81.00833889,4.31,2015,7
28562,2015-07-31,02146000,34.98486935,-80.97396579999999,4.74,2015,7
28563,2015-07-31,02146110,34.94444444,-80.97972220000003,4.34,2015,7
28564,2015-07-31,0214676115,35.040833299999996,-80.8916667,4.99,2015,7
28565,2015-07-31,02146800,35.0059812,-80.9022968,9.75,2015,7
28566,2015-07-31,02147020,34.83625705,-80.879518,6.57,2015,7
28567,2015-07-31,021473415,34.975,-81.18,2.99,2015,7
28568,2015-07-31,021473426,34.95653054,-81.1061882,3.67,2015,7
28569,2015-07-31,021473428,34.8895867,-81.06924599999998,3.67,2015,7
28570,2015-07-31,02147500,34.5654221,-80.9198025,3.23,2015,7
28571,2015-07-31,02148000,34.24459385,-80.6539697,9.7,2015,7
28572,2015-07-31,02153051,35.13762807,-81.5978723,100.31,2015,7
28573,2015-07-31,02153200,35.12401728,-81.58787199,3.11,2015,7
28574,2015-07-31,02153551,35.0312419,-81.492591,26.1,2015,7
28575,2015-07-31,02153590,35.11846498,-81.43647578,2.8,2015,7
28576,2015-07-31,02153700,35.0629045,-81.71454440000002,3.11,2015,7
28577,2015-07-31,02154500,35.12095166,-81.9859403,3.45,2015,7
28578,2015-07-31,02154790,35.10650510000001,-82.12955490000002,4.06,2015,7
28579,2015-07-31,02155500,35.10984144,-81.9595507,6.29,2015,7
28580,2015-07-31,021556525,35.0476231,-81.8556592,1.86,2015,7
28581,2015-07-31,02156300,34.9481803,-81.86871409999998,6.89,2015,7
28582,2015-07-31,021564493,34.66305556,-81.44722220000001,306.13,2015,7
28583,2015-07-31,02156500,34.5951393,-81.42120890000002,2.72,2015,7
28584,2015-07-31,02157470,35.03888889,-82.21861109999998,5.5,2015,7
28585,2015-07-31,02157510,34.940118700000006,-82.12344209999998,2.23,2015,7
28586,2015-07-31,02158408,34.92095239,-82.13010899999998,4.14,2015,7
28587,2015-07-31,02160105,34.535416299999994,-81.548158,4.19,2015,7
28588,2015-07-31,02160325,34.88345068,-82.30122779999998,5.94,2015,7
28589,2015-07-31,02160326,34.85650727,-82.22622468,5.56,2015,7
28590,2015-07-31,02160381,34.71678818,-82.1737222,3.75,2015,7
28591,2015-07-31,02160390,34.68345815,-82.0398229,2.81,2015,7
28592,2015-07-31,02160700,34.5093039,-81.5981594,15.75,2015,7
28593,2015-07-31,02160991,34.26070285,-81.3303747,221.56,2015,7
28594,2015-07-31,02161000,34.24320335,-81.319541,3.88,2015,7
28595,2015-07-31,02162035,34.048333299999996,-81.0733333,153.66,2015,7
28596,2015-07-31,02162093,34.02737615,-81.0417588,5.75,2015,7
28597,2015-07-31,02162290,35.06345088,-82.65012800000002,2.13,2015,7
28598,2015-07-31,02162350,35.1201172,-82.537623,2.5,2015,7
28599,2015-07-31,021623975,35.08388889,-82.46,3.93,2015,7
28600,2015-07-31,02162500,34.84233977,-82.4806814,2.82,2015,7
28601,2015-07-31,02163500,34.39178518,-82.22345068,3.26,2015,7
28602,2015-07-31,02164000,34.800118299999994,-82.3651213,2.8,2015,7
28603,2015-07-31,02164110,34.65289568,-82.29761859999998,8.2,2015,7
28604,2015-07-31,02165200,34.52011957,-82.15705140000001,1.1,2015,7
28605,2015-07-31,021652801,34.525,-82.1383333,4.24,2015,7
28606,2015-07-31,02166501,34.16763036,-81.9078923,6.69,2015,7
28607,2015-07-31,02167000,34.17457619,-81.864002,2.33,2015,7
28608,2015-07-31,02167450,34.20957949,-81.7631659,2.54,2015,7
28609,2015-07-31,02167582,34.1687501,-81.61038399,2.13,2015,7
28610,2015-07-31,02168504,34.05098220000001,-81.2095418,3.02,2015,7
28611,2015-07-31,02169000,34.01404160000001,-81.08787170000002,3.38,2015,7
28612,2015-07-31,02169500,33.99320985,-81.049815,3.7,2015,7
28613,2015-07-31,02169506,33.9875,-81.0275,6.44,2015,7
28614,2015-07-31,02169568,34.01293324,-80.982035,7.05,2015,7
28615,2015-07-31,02169570,33.98960016,-80.97425729999998,4.37,2015,7
28616,2015-07-31,02169625,33.81071,-80.8670348,2.71,2015,7
28617,2015-07-31,02171001,33.4501652,-80.1636949,28.0,2015,7
28618,2015-07-31,02171645,33.4275,-79.915,12.46,2015,7
28619,2015-07-31,02171700,33.3048893,-79.67812629999997,3.74,2015,7
28620,2015-07-31,02171800,33.20850056,-79.38255799999997,7.49,2015,7
28621,2015-07-31,02171850,33.1840565,-79.4058929,11.86,2015,7
28622,2015-07-31,02172001,33.24461337,-79.991469,9.53,2015,7
28623,2015-07-31,02172002,33.21516925,-79.9745248,8.56,2015,7
28624,2015-07-31,02172035,33.131558399999996,-79.7836887,4.77,2015,7
28625,2015-07-31,02172040,33.06378245,-79.957027,17.85,2015,7
28626,2015-07-31,02172050,33.05767134,-79.93619338,18.89,2015,7
28627,2015-07-31,021720677,32.89045228,-79.9628645,14.6,2015,7
28628,2015-07-31,021720698,32.8590638,-79.8961963,22.48,2015,7
28629,2015-07-31,021720710,32.780454399999996,-79.923699,22.22,2015,7
28630,2015-07-31,021720869,32.8346201,-80.02370140000002,12.9,2015,7
28631,2015-07-31,02172300,33.75347736,-81.6017714,2.82,2015,7
28632,2015-07-31,02172558,33.52027778,-81.41027779999997,10.91,2015,7
28633,2015-07-31,02173000,33.39320916,-81.1331559,4.76,2015,7
28634,2015-07-31,02173030,33.3590442,-81.0595425,7.65,2015,7
28635,2015-07-31,02173051,33.33710079,-81.01870799999998,7.44,2015,7
28636,2015-07-31,02173212,33.69,-81.2541667,2.81,2015,7
28637,2015-07-31,02173500,33.48348715,-80.87342578,3.56,2015,7
28638,2015-07-31,02175000,33.02794645,-80.39148759999998,2.5,2015,7
28639,2015-07-31,02175500,32.98904958,-81.0526044,3.59,2015,7
28640,2015-07-31,02176500,32.836277700000004,-81.1317718,5.37,2015,7
28641,2015-07-31,02177000,34.8139814,-83.305993,,2015,7
28642,2015-07-31,02186000,34.801501200000004,-82.74847249999998,1.98,2015,7
28643,2015-07-31,02186702,34.645,-82.8005556,4.46,2015,7
28644,2015-07-31,02187910,34.38316394,-82.577352,4.27,2015,7
28645,2015-07-31,02192500,34.07150595,-82.5006853,3.31,2015,7
28646,2015-07-31,02195520,33.592911799999996,-82.12317459,17.17,2015,7
28647,2015-07-31,02196000,33.72929717,-82.1817873,2.76,2015,7
28648,2015-07-31,02196485,33.54930154,-82.03678359999998,8.36,2015,7
28649,2015-07-31,02196999,33.37319627,-81.9420599,115.55,2015,7
28650,2015-07-31,02197000,33.3737518,-81.94289329,102.57,2015,7
28651,2015-07-31,02197300,33.3848664,-81.61649799999998,,2015,7
28652,2015-07-31,02197500,32.93904727,-81.50260779999998,7.68,2015,7
28653,2015-07-31,02198375,32.70333333,-81.42833329999998,6.76,2015,7
28654,2015-07-31,02198500,32.52823709,-81.26871649,6.13,2015,7
28655,2015-07-31,02198760,32.33936049,-81.12844379,6.77,2015,7
28656,2015-08-31,02110400,33.953505,-78.71973988,5.95,2015,8
28657,2015-08-31,02110500,33.9126719,-78.7150175,2.7,2015,8
28658,2015-08-31,02110550,33.8508333,-78.8972222,2.08,2015,8
28659,2015-08-31,02110701,33.86100349,-79.04114709999998,11.57,2015,8
28660,2015-08-31,02110725,33.6871151,-79.0047569,13.17,2015,8
28661,2015-08-31,02110777,33.8515612,-78.6558483,16.4,2015,8
28662,2015-08-31,02110802,33.64905837,-79.09420639,17.64,2015,8
28663,2015-08-31,021108125,33.50655724,-79.1269867,7.19,2015,8
28664,2015-08-31,02110815,33.44461245,-79.1739341,18.51,2015,8
28665,2015-08-31,02130561,34.60626798,-79.7883963,60.9,2015,8
28666,2015-08-31,02130840,34.6633333,-80.2116667,5.16,2015,8
28667,2015-08-31,02130900,34.51404244,-80.18312440000003,5.82,2015,8
28668,2015-08-31,02130910,34.39737618,-80.14979100000002,2.54,2015,8
28669,2015-08-31,02130980,34.24376518,-79.7447833,3.16,2015,8
28670,2015-08-31,02131000,34.20432518,-79.5483896,9.62,2015,8
28671,2015-08-31,02131010,34.15738145,-79.55339040000001,17.22,2015,8
28672,2015-08-31,021313485,34.582222200000004,-80.4569444,4.71,2015,8
28673,2015-08-31,02131452,34.5858333,-80.5805556,5.13,2015,8
28674,2015-08-31,02131455,34.5512656,-80.54646109999999,6.12,2015,8
28675,2015-08-31,02131472,34.51626465,-80.58285140000002,,2015,8
28676,2015-08-31,02131500,34.2501545,-80.2136816,4.82,2015,8
28677,2015-08-31,02132000,34.05154846,-79.7539545,1.95,2015,8
28678,2015-08-31,02135000,34.05710829,-79.2469897,3.58,2015,8
28679,2015-08-31,02136000,33.66127545,-79.83590448,2.74,2015,8
28680,2015-08-31,02136361,33.32850037,-79.3381102,1.73,2015,8
28681,2015-08-31,021457492,35.065,-81.1383333,2.98,2015,8
28682,2015-08-31,021459367,34.9868083,-81.00833889,2.8,2015,8
28683,2015-08-31,02146000,34.98486935,-80.97396579999999,4.67,2015,8
28684,2015-08-31,02146110,34.94444444,-80.97972220000003,2.98,2015,8
28685,2015-08-31,0214676115,35.040833299999996,-80.8916667,6.72,2015,8
28686,2015-08-31,02146800,35.0059812,-80.9022968,10.85,2015,8
28687,2015-08-31,02147020,34.83625705,-80.879518,6.75,2015,8
28688,2015-08-31,021473415,34.975,-81.18,2.72,2015,8
28689,2015-08-31,021473426,34.95653054,-81.1061882,2.66,2015,8
28690,2015-08-31,021473428,34.8895867,-81.06924599999998,3.52,2015,8
28691,2015-08-31,02147500,34.5654221,-80.9198025,2.9,2015,8
28692,2015-08-31,02148000,34.24459385,-80.6539697,8.25,2015,8
28693,2015-08-31,02153051,35.13762807,-81.5978723,100.34,2015,8
28694,2015-08-31,02153200,35.12401728,-81.58787199,3.2,2015,8
28695,2015-08-31,02153551,35.0312419,-81.492591,26.7,2015,8
28696,2015-08-31,02153590,35.11846498,-81.43647578,2.87,2015,8
28697,2015-08-31,02153700,35.0629045,-81.71454440000002,3.18,2015,8
28698,2015-08-31,02154500,35.12095166,-81.9859403,3.39,2015,8
28699,2015-08-31,02154790,35.10650510000001,-82.12955490000002,3.96,2015,8
28700,2015-08-31,02155500,35.10984144,-81.9595507,6.54,2015,8
28701,2015-08-31,021556525,35.0476231,-81.8556592,1.73,2015,8
28702,2015-08-31,02156300,34.9481803,-81.86871409999998,6.17,2015,8
28703,2015-08-31,021564493,34.66305556,-81.44722220000001,306.37,2015,8
28704,2015-08-31,02156500,34.5951393,-81.42120890000002,2.81,2015,8
28705,2015-08-31,02157470,35.03888889,-82.21861109999998,5.59,2015,8
28706,2015-08-31,02157510,34.940118700000006,-82.12344209999998,2.07,2015,8
28707,2015-08-31,02158408,34.92095239,-82.13010899999998,4.53,2015,8
28708,2015-08-31,02160105,34.535416299999994,-81.548158,3.71,2015,8
28709,2015-08-31,02160325,34.88345068,-82.30122779999998,3.4,2015,8
28710,2015-08-31,02160326,34.85650727,-82.22622468,4.92,2015,8
28711,2015-08-31,02160381,34.71678818,-82.1737222,4.16,2015,8
28712,2015-08-31,02160390,34.68345815,-82.0398229,2.87,2015,8
28713,2015-08-31,02160700,34.5093039,-81.5981594,15.94,2015,8
28714,2015-08-31,02160991,34.26070285,-81.3303747,221.25,2015,8
28715,2015-08-31,02161000,34.24320335,-81.319541,3.6,2015,8
28716,2015-08-31,02162035,34.048333299999996,-81.0733333,153.67,2015,8
28717,2015-08-31,02162093,34.02737615,-81.0417588,9.32,2015,8
28718,2015-08-31,02162290,35.06345088,-82.65012800000002,2.06,2015,8
28719,2015-08-31,02162350,35.1201172,-82.537623,2.1,2015,8
28720,2015-08-31,021623975,35.08388889,-82.46,4.5,2015,8
28721,2015-08-31,02162500,34.84233977,-82.4806814,3.16,2015,8
28722,2015-08-31,02163500,34.39178518,-82.22345068,3.03,2015,8
28723,2015-08-31,02164000,34.800118299999994,-82.3651213,4.85,2015,8
28724,2015-08-31,02164110,34.65289568,-82.29761859999998,10.62,2015,8
28725,2015-08-31,02165200,34.52011957,-82.15705140000001,1.44,2015,8
28726,2015-08-31,021652801,34.525,-82.1383333,4.11,2015,8
28727,2015-08-31,02166501,34.16763036,-81.9078923,6.93,2015,8
28728,2015-08-31,02167000,34.17457619,-81.864002,2.74,2015,8
28729,2015-08-31,02167450,34.20957949,-81.7631659,2.55,2015,8
28730,2015-08-31,02167582,34.1687501,-81.61038399,3.08,2015,8
28731,2015-08-31,02168504,34.05098220000001,-81.2095418,11.13,2015,8
28732,2015-08-31,02169000,34.01404160000001,-81.08787170000002,4.42,2015,8
28733,2015-08-31,02169500,33.99320985,-81.049815,3.86,2015,8
28734,2015-08-31,02169506,33.9875,-81.0275,11.1,2015,8
28735,2015-08-31,02169568,34.01293324,-80.982035,7.0,2015,8
28736,2015-08-31,02169570,33.98960016,-80.97425729999998,6.61,2015,8
28737,2015-08-31,02169625,33.81071,-80.8670348,3.55,2015,8
28738,2015-08-31,02171001,33.4501652,-80.1636949,28.11,2015,8
28739,2015-08-31,02171645,33.4275,-79.915,10.85,2015,8
28740,2015-08-31,02171700,33.3048893,-79.67812629999997,3.86,2015,8
28741,2015-08-31,02171800,33.20850056,-79.38255799999997,7.44,2015,8
28742,2015-08-31,02171850,33.1840565,-79.4058929,11.87,2015,8
28743,2015-08-31,02172001,33.24461337,-79.991469,9.48,2015,8
28744,2015-08-31,02172002,33.21516925,-79.9745248,8.54,2015,8
28745,2015-08-31,02172035,33.131558399999996,-79.7836887,7.06,2015,8
28746,2015-08-31,02172040,33.06378245,-79.957027,17.92,2015,8
28747,2015-08-31,02172050,33.05767134,-79.93619338,18.66,2015,8
28748,2015-08-31,021720677,32.89045228,-79.9628645,14.64,2015,8
28749,2015-08-31,021720698,32.8590638,-79.8961963,22.46,2015,8
28750,2015-08-31,021720710,32.780454399999996,-79.923699,22.25,2015,8
28751,2015-08-31,021720869,32.8346201,-80.02370140000002,12.97,2015,8
28752,2015-08-31,02172300,33.75347736,-81.6017714,3.6,2015,8
28753,2015-08-31,02172558,33.52027778,-81.41027779999997,11.02,2015,8
28754,2015-08-31,02173000,33.39320916,-81.1331559,4.44,2015,8
28755,2015-08-31,02173030,33.3590442,-81.0595425,7.47,2015,8
28756,2015-08-31,02173051,33.33710079,-81.01870799999998,7.0,2015,8
28757,2015-08-31,02173212,33.69,-81.2541667,2.39,2015,8
28758,2015-08-31,02173500,33.48348715,-80.87342578,3.39,2015,8
28759,2015-08-31,02175000,33.02794645,-80.39148759999998,2.3,2015,8
28760,2015-08-31,02175500,32.98904958,-81.0526044,3.0,2015,8
28761,2015-08-31,02176500,32.836277700000004,-81.1317718,5.21,2015,8
28762,2015-08-31,02177000,34.8139814,-83.305993,,2015,8
28763,2015-08-31,02186000,34.801501200000004,-82.74847249999998,2.94,2015,8
28764,2015-08-31,02186702,34.645,-82.8005556,5.09,2015,8
28765,2015-08-31,02187910,34.38316394,-82.577352,5.32,2015,8
28766,2015-08-31,02192500,34.07150595,-82.5006853,3.53,2015,8
28767,2015-08-31,02195520,33.592911799999996,-82.12317459,17.87,2015,8
28768,2015-08-31,02196000,33.72929717,-82.1817873,4.23,2015,8
28769,2015-08-31,02196485,33.54930154,-82.03678359999998,8.23,2015,8
28770,2015-08-31,02196999,33.37319627,-81.9420599,116.33,2015,8
28771,2015-08-31,02197000,33.3737518,-81.94289329,102.38,2015,8
28772,2015-08-31,02197300,33.3848664,-81.61649799999998,,2015,8
28773,2015-08-31,02197500,32.93904727,-81.50260779999998,7.05,2015,8
28774,2015-08-31,02198375,32.70333333,-81.42833329999998,5.92,2015,8
28775,2015-08-31,02198500,32.52823709,-81.26871649,5.43,2015,8
28776,2015-08-31,02198760,32.33936049,-81.12844379,6.82,2015,8
28777,2015-09-30,02110400,33.953505,-78.71973988,5.78,2015,9
28778,2015-09-30,02110500,33.9126719,-78.7150175,3.32,2015,9
28779,2015-09-30,02110550,33.8508333,-78.8972222,2.36,2015,9
28780,2015-09-30,02110701,33.86100349,-79.04114709999998,11.78,2015,9
28781,2015-09-30,02110725,33.6871151,-79.0047569,13.4,2015,9
28782,2015-09-30,02110777,33.8515612,-78.6558483,17.61,2015,9
28783,2015-09-30,02110802,33.64905837,-79.09420639,18.06,2015,9
28784,2015-09-30,021108125,33.50655724,-79.1269867,7.79,2015,9
28785,2015-09-30,02110815,33.44461245,-79.1739341,19.16,2015,9
28786,2015-09-30,02130561,34.60626798,-79.7883963,55.36,2015,9
28787,2015-09-30,02130840,34.6633333,-80.2116667,4.89,2015,9
28788,2015-09-30,02130900,34.51404244,-80.18312440000003,6.53,2015,9
28789,2015-09-30,02130910,34.39737618,-80.14979100000002,3.53,2015,9
28790,2015-09-30,02130980,34.24376518,-79.7447833,4.79,2015,9
28791,2015-09-30,02131000,34.20432518,-79.5483896,4.21,2015,9
28792,2015-09-30,02131010,34.15738145,-79.55339040000001,11.7,2015,9
28793,2015-09-30,021313485,34.582222200000004,-80.4569444,4.9,2015,9
28794,2015-09-30,02131452,34.5858333,-80.5805556,4.53,2015,9
28795,2015-09-30,02131455,34.5512656,-80.54646109999999,5.25,2015,9
28796,2015-09-30,02131472,34.51626465,-80.58285140000002,,2015,9
28797,2015-09-30,02131500,34.2501545,-80.2136816,5.85,2015,9
28798,2015-09-30,02132000,34.05154846,-79.7539545,3.06,2015,9
28799,2015-09-30,02135000,34.05710829,-79.2469897,3.78,2015,9
28800,2015-09-30,02136000,33.66127545,-79.83590448,2.52,2015,9
28801,2015-09-30,02136361,33.32850037,-79.3381102,1.79,2015,9
28802,2015-09-30,021457492,35.065,-81.1383333,3.22,2015,9
28803,2015-09-30,021459367,34.9868083,-81.00833889,3.29,2015,9
28804,2015-09-30,02146000,34.98486935,-80.97396579999999,5.03,2015,9
28805,2015-09-30,02146110,34.94444444,-80.97972220000003,3.35,2015,9
28806,2015-09-30,0214676115,35.040833299999996,-80.8916667,5.72,2015,9
28807,2015-09-30,02146800,35.0059812,-80.9022968,10.25,2015,9
28808,2015-09-30,02147020,34.83625705,-80.879518,6.64,2015,9
28809,2015-09-30,021473415,34.975,-81.18,2.73,2015,9
28810,2015-09-30,021473426,34.95653054,-81.1061882,3.02,2015,9
28811,2015-09-30,021473428,34.8895867,-81.06924599999998,3.51,2015,9
28812,2015-09-30,02147500,34.5654221,-80.9198025,3.41,2015,9
28813,2015-09-30,02148000,34.24459385,-80.6539697,7.8,2015,9
28814,2015-09-30,02153051,35.13762807,-81.5978723,100.54,2015,9
28815,2015-09-30,02153200,35.12401728,-81.58787199,5.43,2015,9
28816,2015-09-30,02153551,35.0312419,-81.492591,27.07,2015,9
28817,2015-09-30,02153590,35.11846498,-81.43647578,3.46,2015,9
28818,2015-09-30,02153700,35.0629045,-81.71454440000002,3.51,2015,9
28819,2015-09-30,02154500,35.12095166,-81.9859403,4.66,2015,9
28820,2015-09-30,02154790,35.10650510000001,-82.12955490000002,4.08,2015,9
28821,2015-09-30,02155500,35.10984144,-81.9595507,7.58,2015,9
28822,2015-09-30,021556525,35.0476231,-81.8556592,2.63,2015,9
28823,2015-09-30,02156300,34.9481803,-81.86871409999998,7.99,2015,9
28824,2015-09-30,021564493,34.66305556,-81.44722220000001,308.21,2015,9
28825,2015-09-30,02156500,34.5951393,-81.42120890000002,4.77,2015,9
28826,2015-09-30,02157470,35.03888889,-82.21861109999998,5.95,2015,9
28827,2015-09-30,02157510,34.940118700000006,-82.12344209999998,2.26,2015,9
28828,2015-09-30,02158408,34.92095239,-82.13010899999998,5.77,2015,9
28829,2015-09-30,02160105,34.535416299999994,-81.548158,4.84,2015,9
28830,2015-09-30,02160325,34.88345068,-82.30122779999998,8.31,2015,9
28831,2015-09-30,02160326,34.85650727,-82.22622468,8.17,2015,9
28832,2015-09-30,02160381,34.71678818,-82.1737222,3.88,2015,9
28833,2015-09-30,02160390,34.68345815,-82.0398229,6.18,2015,9
28834,2015-09-30,02160700,34.5093039,-81.5981594,18.01,2015,9
28835,2015-09-30,02160991,34.26070285,-81.3303747,223.4,2015,9
28836,2015-09-30,02161000,34.24320335,-81.319541,7.0,2015,9
28837,2015-09-30,02162035,34.048333299999996,-81.0733333,154.63,2015,9
28838,2015-09-30,02162093,34.02737615,-81.0417588,10.78,2015,9
28839,2015-09-30,02162290,35.06345088,-82.65012800000002,2.27,2015,9
28840,2015-09-30,02162350,35.1201172,-82.537623,2.6,2015,9
28841,2015-09-30,021623975,35.08388889,-82.46,4.77,2015,9
28842,2015-09-30,02162500,34.84233977,-82.4806814,2.95,2015,9
28843,2015-09-30,02163500,34.39178518,-82.22345068,4.34,2015,9
28844,2015-09-30,02164000,34.800118299999994,-82.3651213,6.84,2015,9
28845,2015-09-30,02164110,34.65289568,-82.29761859999998,11.94,2015,9
28846,2015-09-30,02165200,34.52011957,-82.15705140000001,1.17,2015,9
28847,2015-09-30,021652801,34.525,-82.1383333,4.17,2015,9
28848,2015-09-30,02166501,34.16763036,-81.9078923,7.12,2015,9
28849,2015-09-30,02167000,34.17457619,-81.864002,3.01,2015,9
28850,2015-09-30,02167450,34.20957949,-81.7631659,2.39,2015,9
28851,2015-09-30,02167582,34.1687501,-81.61038399,2.62,2015,9
28852,2015-09-30,02168504,34.05098220000001,-81.2095418,12.43,2015,9
28853,2015-09-30,02169000,34.01404160000001,-81.08787170000002,5.7,2015,9
28854,2015-09-30,02169500,33.99320985,-81.049815,5.18,2015,9
28855,2015-09-30,02169506,33.9875,-81.0275,11.54,2015,9
28856,2015-09-30,02169568,34.01293324,-80.982035,8.21,2015,9
28857,2015-09-30,02169570,33.98960016,-80.97425729999998,6.48,2015,9
28858,2015-09-30,02169625,33.81071,-80.8670348,5.86,2015,9
28859,2015-09-30,02171001,33.4501652,-80.1636949,28.05,2015,9
28860,2015-09-30,02171645,33.4275,-79.915,10.38,2015,9
28861,2015-09-30,02171700,33.3048893,-79.67812629999997,4.3,2015,9
28862,2015-09-30,02171800,33.20850056,-79.38255799999997,7.95,2015,9
28863,2015-09-30,02171850,33.1840565,-79.4058929,12.3,2015,9
28864,2015-09-30,02172001,33.24461337,-79.991469,10.63,2015,9
28865,2015-09-30,02172002,33.21516925,-79.9745248,9.69,2015,9
28866,2015-09-30,02172035,33.131558399999996,-79.7836887,7.02,2015,9
28867,2015-09-30,02172040,33.06378245,-79.957027,18.39,2015,9
28868,2015-09-30,02172050,33.05767134,-79.93619338,19.44,2015,9
28869,2015-09-30,021720677,32.89045228,-79.9628645,15.16,2015,9
28870,2015-09-30,021720698,32.8590638,-79.8961963,23.09,2015,9
28871,2015-09-30,021720710,32.780454399999996,-79.923699,22.8,2015,9
28872,2015-09-30,021720869,32.8346201,-80.02370140000002,13.56,2015,9
28873,2015-09-30,02172300,33.75347736,-81.6017714,4.15,2015,9
28874,2015-09-30,02172558,33.52027778,-81.41027779999997,12.91,2015,9
28875,2015-09-30,02173000,33.39320916,-81.1331559,5.73,2015,9
28876,2015-09-30,02173030,33.3590442,-81.0595425,8.28,2015,9
28877,2015-09-30,02173051,33.33710079,-81.01870799999998,8.53,2015,9
28878,2015-09-30,02173212,33.69,-81.2541667,3.31,2015,9
28879,2015-09-30,02173500,33.48348715,-80.87342578,4.67,2015,9
28880,2015-09-30,02175000,33.02794645,-80.39148759999998,2.61,2015,9
28881,2015-09-30,02175500,32.98904958,-81.0526044,3.13,2015,9
28882,2015-09-30,02176500,32.836277700000004,-81.1317718,5.46,2015,9
28883,2015-09-30,02177000,34.8139814,-83.305993,,2015,9
28884,2015-09-30,02186000,34.801501200000004,-82.74847249999998,3.56,2015,9
28885,2015-09-30,02186702,34.645,-82.8005556,5.03,2015,9
28886,2015-09-30,02187910,34.38316394,-82.577352,4.46,2015,9
28887,2015-09-30,02192500,34.07150595,-82.5006853,4.36,2015,9
28888,2015-09-30,02195520,33.592911799999996,-82.12317459,16.45,2015,9
28889,2015-09-30,02196000,33.72929717,-82.1817873,4.4,2015,9
28890,2015-09-30,02196485,33.54930154,-82.03678359999998,7.91,2015,9
28891,2015-09-30,02196999,33.37319627,-81.9420599,115.95,2015,9
28892,2015-09-30,02197000,33.3737518,-81.94289329,101.35,2015,9
28893,2015-09-30,02197300,33.3848664,-81.61649799999998,,2015,9
28894,2015-09-30,02197500,32.93904727,-81.50260779999998,7.19,2015,9
28895,2015-09-30,02198375,32.70333333,-81.42833329999998,6.12,2015,9
28896,2015-09-30,02198500,32.52823709,-81.26871649,5.51,2015,9
28897,2015-09-30,02198760,32.33936049,-81.12844379,7.12,2015,9
28898,2015-10-31,02110400,33.953505,-78.71973988,15.75,2015,10
28899,2015-10-31,02110500,33.9126719,-78.7150175,15.17,2015,10
28900,2015-10-31,02110550,33.8508333,-78.8972222,14.19,2015,10
28901,2015-10-31,02110701,33.86100349,-79.04114709999998,20.23,2015,10
28902,2015-10-31,02110725,33.6871151,-79.0047569,16.8,2015,10
28903,2015-10-31,02110777,33.8515612,-78.6558483,18.43,2015,10
28904,2015-10-31,02110802,33.64905837,-79.09420639,21.47,2015,10
28905,2015-10-31,021108125,33.50655724,-79.1269867,9.39,2015,10
28906,2015-10-31,02110815,33.44461245,-79.1739341,20.3,2015,10
28907,2015-10-31,02130561,34.60626798,-79.7883963,84.05,2015,10
28908,2015-10-31,02130840,34.6633333,-80.2116667,9.13,2015,10
28909,2015-10-31,02130900,34.51404244,-80.18312440000003,10.24,2015,10
28910,2015-10-31,02130910,34.39737618,-80.14979100000002,8.75,2015,10
28911,2015-10-31,02130980,34.24376518,-79.7447833,16.81,2015,10
28912,2015-10-31,02131000,34.20432518,-79.5483896,22.81,2015,10
28913,2015-10-31,02131010,34.15738145,-79.55339040000001,29.28,2015,10
28914,2015-10-31,021313485,34.582222200000004,-80.4569444,6.94,2015,10
28915,2015-10-31,02131452,34.5858333,-80.5805556,12.29,2015,10
28916,2015-10-31,02131455,34.5512656,-80.54646109999999,13.48,2015,10
28917,2015-10-31,02131472,34.51626465,-80.58285140000002,,2015,10
28918,2015-10-31,02131500,34.2501545,-80.2136816,14.59,2015,10
28919,2015-10-31,02132000,34.05154846,-79.7539545,19.7,2015,10
28920,2015-10-31,02135000,34.05710829,-79.2469897,9.21,2015,10
28921,2015-10-31,02136000,33.66127545,-79.83590448,22.65,2015,10
28922,2015-10-31,02136361,33.32850037,-79.3381102,5.54,2015,10
28923,2015-10-31,021457492,35.065,-81.1383333,5.56,2015,10
28924,2015-10-31,021459367,34.9868083,-81.00833889,4.69,2015,10
28925,2015-10-31,02146000,34.98486935,-80.97396579999999,6.34,2015,10
28926,2015-10-31,02146110,34.94444444,-80.97972220000003,4.28,2015,10
28927,2015-10-31,0214676115,35.040833299999996,-80.8916667,14.46,2015,10
28928,2015-10-31,02146800,35.0059812,-80.9022968,18.74,2015,10
28929,2015-10-31,02147020,34.83625705,-80.879518,9.74,2015,10
28930,2015-10-31,021473415,34.975,-81.18,3.43,2015,10
28931,2015-10-31,021473426,34.95653054,-81.1061882,4.21,2015,10
28932,2015-10-31,021473428,34.8895867,-81.06924599999998,4.58,2015,10
28933,2015-10-31,02147500,34.5654221,-80.9198025,7.1,2015,10
28934,2015-10-31,02148000,34.24459385,-80.6539697,29.31,2015,10
28935,2015-10-31,02153051,35.13762807,-81.5978723,101.23,2015,10
28936,2015-10-31,02153200,35.12401728,-81.58787199,8.57,2015,10
28937,2015-10-31,02153551,35.0312419,-81.492591,26.48,2015,10
28938,2015-10-31,02153590,35.11846498,-81.43647578,3.37,2015,10
28939,2015-10-31,02153700,35.0629045,-81.71454440000002,4.05,2015,10
28940,2015-10-31,02154500,35.12095166,-81.9859403,8.42,2015,10
28941,2015-10-31,02154790,35.10650510000001,-82.12955490000002,8.85,2015,10
28942,2015-10-31,02155500,35.10984144,-81.9595507,10.94,2015,10
28943,2015-10-31,021556525,35.0476231,-81.8556592,7.82,2015,10
28944,2015-10-31,02156300,34.9481803,-81.86871409999998,13.76,2015,10
28945,2015-10-31,021564493,34.66305556,-81.44722220000001,313.36,2015,10
28946,2015-10-31,02156500,34.5951393,-81.42120890000002,12.2,2015,10
28947,2015-10-31,02157470,35.03888889,-82.21861109999998,9.22,2015,10
28948,2015-10-31,02157510,34.940118700000006,-82.12344209999998,4.24,2015,10
28949,2015-10-31,02158408,34.92095239,-82.13010899999998,10.19,2015,10
28950,2015-10-31,02160105,34.535416299999994,-81.548158,16.74,2015,10
28951,2015-10-31,02160325,34.88345068,-82.30122779999998,8.43,2015,10
28952,2015-10-31,02160326,34.85650727,-82.22622468,11.08,2015,10
28953,2015-10-31,02160381,34.71678818,-82.1737222,8.54,2015,10
28954,2015-10-31,02160390,34.68345815,-82.0398229,16.53,2015,10
28955,2015-10-31,02160700,34.5093039,-81.5981594,29.08,2015,10
28956,2015-10-31,02160991,34.26070285,-81.3303747,236.81,2015,10
28957,2015-10-31,02161000,34.24320335,-81.319541,22.16,2015,10
28958,2015-10-31,02162035,34.048333299999996,-81.0733333,166.5,2015,10
28959,2015-10-31,02162093,34.02737615,-81.0417588,18.93,2015,10
28960,2015-10-31,02162290,35.06345088,-82.65012800000002,3.1,2015,10
28961,2015-10-31,02162350,35.1201172,-82.537623,3.64,2015,10
28962,2015-10-31,021623975,35.08388889,-82.46,5.01,2015,10
28963,2015-10-31,02162500,34.84233977,-82.4806814,4.24,2015,10
28964,2015-10-31,02163500,34.39178518,-82.22345068,17.38,2015,10
28965,2015-10-31,02164000,34.800118299999994,-82.3651213,7.4,2015,10
28966,2015-10-31,02164110,34.65289568,-82.29761859999998,18.05,2015,10
28967,2015-10-31,02165200,34.52011957,-82.15705140000001,6.35,2015,10
28968,2015-10-31,021652801,34.525,-82.1383333,11.2,2015,10
28969,2015-10-31,02166501,34.16763036,-81.9078923,31.79,2015,10
28970,2015-10-31,02167000,34.17457619,-81.864002,26.49,2015,10
28971,2015-10-31,02167450,34.20957949,-81.7631659,18.46,2015,10
28972,2015-10-31,02167582,34.1687501,-81.61038399,19.94,2015,10
28973,2015-10-31,02168504,34.05098220000001,-81.2095418,16.25,2015,10
28974,2015-10-31,02169000,34.01404160000001,-81.08787170000002,8.33,2015,10
28975,2015-10-31,02169500,33.99320985,-81.049815,31.83,2015,10
28976,2015-10-31,02169506,33.9875,-81.0275,12.4,2015,10
28977,2015-10-31,02169568,34.01293324,-80.982035,7.12,2015,10
28978,2015-10-31,02169570,33.98960016,-80.97425729999998,8.34,2015,10
28979,2015-10-31,02169625,33.81071,-80.8670348,19.83,2015,10
28980,2015-10-31,02171001,33.4501652,-80.1636949,53.03,2015,10
28981,2015-10-31,02171645,33.4275,-79.915,29.6,2015,10
28982,2015-10-31,02171700,33.3048893,-79.67812629999997,22.13,2015,10
28983,2015-10-31,02171800,33.20850056,-79.38255799999997,11.16,2015,10
28984,2015-10-31,02171850,33.1840565,-79.4058929,14.66,2015,10
28985,2015-10-31,02172001,33.24461337,-79.991469,14.29,2015,10
28986,2015-10-31,02172002,33.21516925,-79.9745248,13.24,2015,10
28987,2015-10-31,02172035,33.131558399999996,-79.7836887,10.69,2015,10
28988,2015-10-31,02172040,33.06378245,-79.957027,21.68,2015,10
28989,2015-10-31,02172050,33.05767134,-79.93619338,20.18,2015,10
28990,2015-10-31,021720677,32.89045228,-79.9628645,15.74,2015,10
28991,2015-10-31,021720698,32.8590638,-79.8961963,23.61,2015,10
28992,2015-10-31,021720710,32.780454399999996,-79.923699,23.61,2015,10
28993,2015-10-31,021720869,32.8346201,-80.02370140000002,14.1,2015,10
28994,2015-10-31,02172300,33.75347736,-81.6017714,7.13,2015,10
28995,2015-10-31,02172558,33.52027778,-81.41027779999997,16.27,2015,10
28996,2015-10-31,02173000,33.39320916,-81.1331559,7.94,2015,10
28997,2015-10-31,02173030,33.3590442,-81.0595425,10.27,2015,10
28998,2015-10-31,02173051,33.33710079,-81.01870799999998,12.35,2015,10
28999,2015-10-31,02173212,33.69,-81.2541667,7.15,2015,10
29000,2015-10-31,02173500,33.48348715,-80.87342578,13.73,2015,10
29001,2015-10-31,02175000,33.02794645,-80.39148759999998,16.06,2015,10
29002,2015-10-31,02175500,32.98904958,-81.0526044,5.28,2015,10
29003,2015-10-31,02176500,32.836277700000004,-81.1317718,6.5,2015,10
29004,2015-10-31,02177000,34.8139814,-83.305993,,2015,10
29005,2015-10-31,02186000,34.801501200000004,-82.74847249999998,6.84,2015,10
29006,2015-10-31,02186702,34.645,-82.8005556,10.0,2015,10
29007,2015-10-31,02187910,34.38316394,-82.577352,11.45,2015,10
29008,2015-10-31,02192500,34.07150595,-82.5006853,22.82,2015,10
29009,2015-10-31,02195520,33.592911799999996,-82.12317459,18.11,2015,10
29010,2015-10-31,02196000,33.72929717,-82.1817873,30.44,2015,10
29011,2015-10-31,02196485,33.54930154,-82.03678359999998,7.81,2015,10
29012,2015-10-31,02196999,33.37319627,-81.9420599,115.54,2015,10
29013,2015-10-31,02197000,33.3737518,-81.94289329,110.82,2015,10
29014,2015-10-31,02197300,33.3848664,-81.61649799999998,,2015,10
29015,2015-10-31,02197500,32.93904727,-81.50260779999998,12.19,2015,10
29016,2015-10-31,02198375,32.70333333,-81.42833329999998,10.86,2015,10
29017,2015-10-31,02198500,32.52823709,-81.26871649,9.55,2015,10
29018,2015-10-31,02198760,32.33936049,-81.12844379,8.61,2015,10
29019,2015-11-30,02110400,33.953505,-78.71973988,14.04,2015,11
29020,2015-11-30,02110500,33.9126719,-78.7150175,11.86,2015,11
29021,2015-11-30,02110550,33.8508333,-78.8972222,9.92,2015,11
29022,2015-11-30,02110701,33.86100349,-79.04114709999998,16.73,2015,11
29023,2015-11-30,02110725,33.6871151,-79.0047569,14.73,2015,11
29024,2015-11-30,02110777,33.8515612,-78.6558483,16.95,2015,11
29025,2015-11-30,02110802,33.64905837,-79.09420639,19.38,2015,11
29026,2015-11-30,021108125,33.50655724,-79.1269867,8.18,2015,11
29027,2015-11-30,02110815,33.44461245,-79.1739341,19.07,2015,11
29028,2015-11-30,02130561,34.60626798,-79.7883963,85.22,2015,11
29029,2015-11-30,02130840,34.6633333,-80.2116667,9.87,2015,11
29030,2015-11-30,02130900,34.51404244,-80.18312440000003,10.18,2015,11
29031,2015-11-30,02130910,34.39737618,-80.14979100000002,7.97,2015,11
29032,2015-11-30,02130980,34.24376518,-79.7447833,13.14,2015,11
29033,2015-11-30,02131000,34.20432518,-79.5483896,24.0,2015,11
29034,2015-11-30,02131010,34.15738145,-79.55339040000001,30.34,2015,11
29035,2015-11-30,021313485,34.582222200000004,-80.4569444,8.36,2015,11
29036,2015-11-30,02131452,34.5858333,-80.5805556,17.52,2015,11
29037,2015-11-30,02131455,34.5512656,-80.54646109999999,17.65,2015,11
29038,2015-11-30,02131472,34.51626465,-80.58285140000002,,2015,11
29039,2015-11-30,02131500,34.2501545,-80.2136816,15.85,2015,11
29040,2015-11-30,02132000,34.05154846,-79.7539545,14.89,2015,11
29041,2015-11-30,02135000,34.05710829,-79.2469897,9.58,2015,11
29042,2015-11-30,02136000,33.66127545,-79.83590448,12.89,2015,11
29043,2015-11-30,02136361,33.32850037,-79.3381102,2.16,2015,11
29044,2015-11-30,021457492,35.065,-81.1383333,9.68,2015,11
29045,2015-11-30,021459367,34.9868083,-81.00833889,8.77,2015,11
29046,2015-11-30,02146000,34.98486935,-80.97396579999999,8.03,2015,11
29047,2015-11-30,02146110,34.94444444,-80.97972220000003,7.68,2015,11
29048,2015-11-30,0214676115,35.040833299999996,-80.8916667,16.65,2015,11
29049,2015-11-30,02146800,35.0059812,-80.9022968,20.77,2015,11
29050,2015-11-30,02147020,34.83625705,-80.879518,12.78,2015,11
29051,2015-11-30,021473415,34.975,-81.18,6.25,2015,11
29052,2015-11-30,021473426,34.95653054,-81.1061882,8.78,2015,11
29053,2015-11-30,021473428,34.8895867,-81.06924599999998,9.91,2015,11
29054,2015-11-30,02147500,34.5654221,-80.9198025,10.45,2015,11
29055,2015-11-30,02148000,34.24459385,-80.6539697,24.75,2015,11
29056,2015-11-30,02153051,35.13762807,-81.5978723,102.18,2015,11
29057,2015-11-30,02153200,35.12401728,-81.58787199,10.28,2015,11
29058,2015-11-30,02153551,35.0312419,-81.492591,,2015,11
29059,2015-11-30,02153590,35.11846498,-81.43647578,5.36,2015,11
29060,2015-11-30,02153700,35.0629045,-81.71454440000002,5.14,2015,11
29061,2015-11-30,02154500,35.12095166,-81.9859403,7.6,2015,11
29062,2015-11-30,02154790,35.10650510000001,-82.12955490000002,8.48,2015,11
29063,2015-11-30,02155500,35.10984144,-81.9595507,10.31,2015,11
29064,2015-11-30,021556525,35.0476231,-81.8556592,8.15,2015,11
29065,2015-11-30,02156300,34.9481803,-81.86871409999998,13.02,2015,11
29066,2015-11-30,021564493,34.66305556,-81.44722220000001,315.65,2015,11
29067,2015-11-30,02156500,34.5951393,-81.42120890000002,14.12,2015,11
29068,2015-11-30,02157470,35.03888889,-82.21861109999998,9.5,2015,11
29069,2015-11-30,02157510,34.940118700000006,-82.12344209999998,4.12,2015,11
29070,2015-11-30,02158408,34.92095239,-82.13010899999998,10.02,2015,11
29071,2015-11-30,02160105,34.535416299999994,-81.548158,17.32,2015,11
29072,2015-11-30,02160325,34.88345068,-82.30122779999998,7.37,2015,11
29073,2015-11-30,02160326,34.85650727,-82.22622468,10.02,2015,11
29074,2015-11-30,02160381,34.71678818,-82.1737222,6.59,2015,11
29075,2015-11-30,02160390,34.68345815,-82.0398229,15.07,2015,11
29076,2015-11-30,02160700,34.5093039,-81.5981594,27.26,2015,11
29077,2015-11-30,02160991,34.26070285,-81.3303747,236.24,2015,11
29078,2015-11-30,02161000,34.24320335,-81.319541,21.25,2015,11
29079,2015-11-30,02162035,34.048333299999996,-81.0733333,161.76,2015,11
29080,2015-11-30,02162093,34.02737615,-81.0417588,6.59,2015,11
29081,2015-11-30,02162290,35.06345088,-82.65012800000002,3.88,2015,11
29082,2015-11-30,02162350,35.1201172,-82.537623,4.17,2015,11
29083,2015-11-30,021623975,35.08388889,-82.46,6.11,2015,11
29084,2015-11-30,02162500,34.84233977,-82.4806814,4.49,2015,11
29085,2015-11-30,02163500,34.39178518,-82.22345068,16.83,2015,11
29086,2015-11-30,02164000,34.800118299999994,-82.3651213,7.18,2015,11
29087,2015-11-30,02164110,34.65289568,-82.29761859999998,17.03,2015,11
29088,2015-11-30,02165200,34.52011957,-82.15705140000001,4.64,2015,11
29089,2015-11-30,021652801,34.525,-82.1383333,10.21,2015,11
29090,2015-11-30,02166501,34.16763036,-81.9078923,29.61,2015,11
29091,2015-11-30,02167000,34.17457619,-81.864002,24.61,2015,11
29092,2015-11-30,02167450,34.20957949,-81.7631659,16.38,2015,11
29093,2015-11-30,02167582,34.1687501,-81.61038399,14.87,2015,11
29094,2015-11-30,02168504,34.05098220000001,-81.2095418,15.79,2015,11
29095,2015-11-30,02169000,34.01404160000001,-81.08787170000002,9.08,2015,11
29096,2015-11-30,02169500,33.99320985,-81.049815,21.49,2015,11
29097,2015-11-30,02169506,33.9875,-81.0275,7.45,2015,11
29098,2015-11-30,02169568,34.01293324,-80.982035,5.77,2015,11
29099,2015-11-30,02169570,33.98960016,-80.97425729999998,5.74,2015,11
29100,2015-11-30,02169625,33.81071,-80.8670348,17.73,2015,11
29101,2015-11-30,02171001,33.4501652,-80.1636949,48.87,2015,11
29102,2015-11-30,02171645,33.4275,-79.915,26.53,2015,11
29103,2015-11-30,02171700,33.3048893,-79.67812629999997,18.98,2015,11
29104,2015-11-30,02171800,33.20850056,-79.38255799999997,9.75,2015,11
29105,2015-11-30,02171850,33.1840565,-79.4058929,13.0,2015,11
29106,2015-11-30,02172001,33.24461337,-79.991469,9.86,2015,11
29107,2015-11-30,02172002,33.21516925,-79.9745248,8.93,2015,11
29108,2015-11-30,02172035,33.131558399999996,-79.7836887,6.76,2015,11
29109,2015-11-30,02172040,33.06378245,-79.957027,18.27,2015,11
29110,2015-11-30,02172050,33.05767134,-79.93619338,19.03,2015,11
29111,2015-11-30,021720677,32.89045228,-79.9628645,14.67,2015,11
29112,2015-11-30,021720698,32.8590638,-79.8961963,22.51,2015,11
29113,2015-11-30,021720710,32.780454399999996,-79.923699,22.36,2015,11
29114,2015-11-30,021720869,32.8346201,-80.02370140000002,12.98,2015,11
29115,2015-11-30,02172300,33.75347736,-81.6017714,6.1,2015,11
29116,2015-11-30,02172558,33.52027778,-81.41027779999997,14.66,2015,11
29117,2015-11-30,02173000,33.39320916,-81.1331559,6.91,2015,11
29118,2015-11-30,02173030,33.3590442,-81.0595425,9.58,2015,11
29119,2015-11-30,02173051,33.33710079,-81.01870799999998,11.22,2015,11
29120,2015-11-30,02173212,33.69,-81.2541667,2.96,2015,11
29121,2015-11-30,02173500,33.48348715,-80.87342578,8.12,2015,11
29122,2015-11-30,02175000,33.02794645,-80.39148759999998,13.27,2015,11
29123,2015-11-30,02175500,32.98904958,-81.0526044,4.81,2015,11
29124,2015-11-30,02176500,32.836277700000004,-81.1317718,7.7,2015,11
29125,2015-11-30,02177000,34.8139814,-83.305993,,2015,11
29126,2015-11-30,02186000,34.801501200000004,-82.74847249999998,7.71,2015,11
29127,2015-11-30,02186702,34.645,-82.8005556,10.55,2015,11
29128,2015-11-30,02187910,34.38316394,-82.577352,12.32,2015,11
29129,2015-11-30,02192500,34.07150595,-82.5006853,21.32,2015,11
29130,2015-11-30,02195520,33.592911799999996,-82.12317459,20.24,2015,11
29131,2015-11-30,02196000,33.72929717,-82.1817873,21.91,2015,11
29132,2015-11-30,02196485,33.54930154,-82.03678359999998,7.24,2015,11
29133,2015-11-30,02196999,33.37319627,-81.9420599,116.64,2015,11
29134,2015-11-30,02197000,33.3737518,-81.94289329,115.66,2015,11
29135,2015-11-30,02197300,33.3848664,-81.61649799999998,,2015,11
29136,2015-11-30,02197500,32.93904727,-81.50260779999998,16.44,2015,11
29137,2015-11-30,02198375,32.70333333,-81.42833329999998,14.33,2015,11
29138,2015-11-30,02198500,32.52823709,-81.26871649,14.62,2015,11
29139,2015-11-30,02198760,32.33936049,-81.12844379,11.92,2015,11
29140,2015-12-31,02110400,33.953505,-78.71973988,10.22,2015,12
29141,2015-12-31,02110500,33.9126719,-78.7150175,11.08,2015,12
29142,2015-12-31,02110550,33.8508333,-78.8972222,7.93,2015,12
29143,2015-12-31,02110701,33.86100349,-79.04114709999998,13.84,2015,12
29144,2015-12-31,02110725,33.6871151,-79.0047569,14.31,2015,12
29145,2015-12-31,02110777,33.8515612,-78.6558483,16.34,2015,12
29146,2015-12-31,02110802,33.64905837,-79.09420639,18.98,2015,12
29147,2015-12-31,021108125,33.50655724,-79.1269867,7.79,2015,12
29148,2015-12-31,02110815,33.44461245,-79.1739341,18.69,2015,12
29149,2015-12-31,02130561,34.60626798,-79.7883963,86.89,2015,12
29150,2015-12-31,02130840,34.6633333,-80.2116667,9.43,2015,12
29151,2015-12-31,02130900,34.51404244,-80.18312440000003,10.13,2015,12
29152,2015-12-31,02130910,34.39737618,-80.14979100000002,8.26,2015,12
29153,2015-12-31,02130980,34.24376518,-79.7447833,14.24,2015,12
29154,2015-12-31,02131000,34.20432518,-79.5483896,26.62,2015,12
29155,2015-12-31,02131010,34.15738145,-79.55339040000001,32.68,2015,12
29156,2015-12-31,021313485,34.582222200000004,-80.4569444,7.05,2015,12
29157,2015-12-31,02131452,34.5858333,-80.5805556,17.07,2015,12
29158,2015-12-31,02131455,34.5512656,-80.54646109999999,17.61,2015,12
29159,2015-12-31,02131472,34.51626465,-80.58285140000002,,2015,12
29160,2015-12-31,02131500,34.2501545,-80.2136816,15.62,2015,12
29161,2015-12-31,02132000,34.05154846,-79.7539545,16.25,2015,12
29162,2015-12-31,02135000,34.05710829,-79.2469897,10.86,2015,12
29163,2015-12-31,02136000,33.66127545,-79.83590448,12.17,2015,12
29164,2015-12-31,02136361,33.32850037,-79.3381102,1.5,2015,12
29165,2015-12-31,021457492,35.065,-81.1383333,12.42,2015,12
29166,2015-12-31,021459367,34.9868083,-81.00833889,9.95,2015,12
29167,2015-12-31,02146000,34.98486935,-80.97396579999999,14.29,2015,12
29168,2015-12-31,02146110,34.94444444,-80.97972220000003,9.13,2015,12
29169,2015-12-31,0214676115,35.040833299999996,-80.8916667,16.66,2015,12
29170,2015-12-31,02146800,35.0059812,-80.9022968,21.09,2015,12
29171,2015-12-31,02147020,34.83625705,-80.879518,21.69,2015,12
29172,2015-12-31,021473415,34.975,-81.18,7.82,2015,12
29173,2015-12-31,021473426,34.95653054,-81.1061882,9.99,2015,12
29174,2015-12-31,021473428,34.8895867,-81.06924599999998,11.74,2015,12
29175,2015-12-31,02147500,34.5654221,-80.9198025,13.01,2015,12
29176,2015-12-31,02148000,34.24459385,-80.6539697,34.29,2015,12
29177,2015-12-31,02153051,35.13762807,-81.5978723,102.35,2015,12
29178,2015-12-31,02153200,35.12401728,-81.58787199,14.44,2015,12
29179,2015-12-31,02153551,35.0312419,-81.492591,34.58,2015,12
29180,2015-12-31,02153590,35.11846498,-81.43647578,13.62,2015,12
29181,2015-12-31,02153700,35.0629045,-81.71454440000002,8.6,2015,12
29182,2015-12-31,02154500,35.12095166,-81.9859403,12.34,2015,12
29183,2015-12-31,02154790,35.10650510000001,-82.12955490000002,8.64,2015,12
29184,2015-12-31,02155500,35.10984144,-81.9595507,12.0,2015,12
29185,2015-12-31,021556525,35.0476231,-81.8556592,8.73,2015,12
29186,2015-12-31,02156300,34.9481803,-81.86871409999998,13.63,2015,12
29187,2015-12-31,021564493,34.66305556,-81.44722220000001,322.3,2015,12
29188,2015-12-31,02156500,34.5951393,-81.42120890000002,20.36,2015,12
29189,2015-12-31,02157470,35.03888889,-82.21861109999998,9.64,2015,12
29190,2015-12-31,02157510,34.940118700000006,-82.12344209999998,4.26,2015,12
29191,2015-12-31,02158408,34.92095239,-82.13010899999998,10.82,2015,12
29192,2015-12-31,02160105,34.535416299999994,-81.548158,17.57,2015,12
29193,2015-12-31,02160325,34.88345068,-82.30122779999998,9.62,2015,12
29194,2015-12-31,02160326,34.85650727,-82.22622468,10.67,2015,12
29195,2015-12-31,02160381,34.71678818,-82.1737222,6.9,2015,12
29196,2015-12-31,02160390,34.68345815,-82.0398229,16.19,2015,12
29197,2015-12-31,02160700,34.5093039,-81.5981594,26.89,2015,12
29198,2015-12-31,02160991,34.26070285,-81.3303747,237.55,2015,12
29199,2015-12-31,02161000,34.24320335,-81.319541,22.83,2015,12
29200,2015-12-31,02162035,34.048333299999996,-81.0733333,161.33,2015,12
29201,2015-12-31,02162093,34.02737615,-81.0417588,9.35,2015,12
29202,2015-12-31,02162290,35.06345088,-82.65012800000002,6.63,2015,12
29203,2015-12-31,02162350,35.1201172,-82.537623,6.23,2015,12
29204,2015-12-31,021623975,35.08388889,-82.46,8.46,2015,12
29205,2015-12-31,02162500,34.84233977,-82.4806814,6.99,2015,12
29206,2015-12-31,02163500,34.39178518,-82.22345068,17.97,2015,12
29207,2015-12-31,02164000,34.800118299999994,-82.3651213,7.92,2015,12
29208,2015-12-31,02164110,34.65289568,-82.29761859999998,17.48,2015,12
29209,2015-12-31,02165200,34.52011957,-82.15705140000001,3.41,2015,12
29210,2015-12-31,021652801,34.525,-82.1383333,9.56,2015,12
29211,2015-12-31,02166501,34.16763036,-81.9078923,31.73,2015,12
29212,2015-12-31,02167000,34.17457619,-81.864002,26.23,2015,12
29213,2015-12-31,02167450,34.20957949,-81.7631659,17.56,2015,12
29214,2015-12-31,02167582,34.1687501,-81.61038399,17.96,2015,12
29215,2015-12-31,02168504,34.05098220000001,-81.2095418,20.14,2015,12
29216,2015-12-31,02169000,34.01404160000001,-81.08787170000002,10.02,2015,12
29217,2015-12-31,02169500,33.99320985,-81.049815,26.02,2015,12
29218,2015-12-31,02169506,33.9875,-81.0275,10.07,2015,12
29219,2015-12-31,02169568,34.01293324,-80.982035,7.44,2015,12
29220,2015-12-31,02169570,33.98960016,-80.97425729999998,5.59,2015,12
29221,2015-12-31,02169625,33.81071,-80.8670348,17.85,2015,12
29222,2015-12-31,02171001,33.4501652,-80.1636949,51.35,2015,12
29223,2015-12-31,02171645,33.4275,-79.915,27.03,2015,12
29224,2015-12-31,02171700,33.3048893,-79.67812629999997,18.87,2015,12
29225,2015-12-31,02171800,33.20850056,-79.38255799999997,8.28,2015,12
29226,2015-12-31,02171850,33.1840565,-79.4058929,11.95,2015,12
29227,2015-12-31,02172001,33.24461337,-79.991469,9.46,2015,12
29228,2015-12-31,02172002,33.21516925,-79.9745248,8.55,2015,12
29229,2015-12-31,02172035,33.131558399999996,-79.7836887,5.91,2015,12
29230,2015-12-31,02172040,33.06378245,-79.957027,17.69,2015,12
29231,2015-12-31,02172050,33.05767134,-79.93619338,18.71,2015,12
29232,2015-12-31,021720677,32.89045228,-79.9628645,14.21,2015,12
29233,2015-12-31,021720698,32.8590638,-79.8961963,22.03,2015,12
29234,2015-12-31,021720710,32.780454399999996,-79.923699,21.83,2015,12
29235,2015-12-31,021720869,32.8346201,-80.02370140000002,12.52,2015,12
29236,2015-12-31,02172300,33.75347736,-81.6017714,5.81,2015,12
29237,2015-12-31,02172558,33.52027778,-81.41027779999997,15.0,2015,12
29238,2015-12-31,02173000,33.39320916,-81.1331559,7.13,2015,12
29239,2015-12-31,02173030,33.3590442,-81.0595425,9.7,2015,12
29240,2015-12-31,02173051,33.33710079,-81.01870799999998,11.18,2015,12
29241,2015-12-31,02173212,33.69,-81.2541667,3.22,2015,12
29242,2015-12-31,02173500,33.48348715,-80.87342578,8.1,2015,12
29243,2015-12-31,02175000,33.02794645,-80.39148759999998,10.51,2015,12
29244,2015-12-31,02175500,32.98904958,-81.0526044,3.91,2015,12
29245,2015-12-31,02176500,32.836277700000004,-81.1317718,6.89,2015,12
29246,2015-12-31,02177000,34.8139814,-83.305993,,2015,12
29247,2015-12-31,02186000,34.801501200000004,-82.74847249999998,8.1,2015,12
29248,2015-12-31,02186702,34.645,-82.8005556,11.27,2015,12
29249,2015-12-31,02187910,34.38316394,-82.577352,13.35,2015,12
29250,2015-12-31,02192500,34.07150595,-82.5006853,22.25,2015,12
29251,2015-12-31,02195520,33.592911799999996,-82.12317459,20.02,2015,12
29252,2015-12-31,02196000,33.72929717,-82.1817873,30.67,2015,12
29253,2015-12-31,02196485,33.54930154,-82.03678359999998,7.46,2015,12
29254,2015-12-31,02196999,33.37319627,-81.9420599,117.19,2015,12
29255,2015-12-31,02197000,33.3737518,-81.94289329,116.5,2015,12
29256,2015-12-31,02197300,33.3848664,-81.61649799999998,,2015,12
29257,2015-12-31,02197500,32.93904727,-81.50260779999998,16.64,2015,12
29258,2015-12-31,02198375,32.70333333,-81.42833329999998,14.43,2015,12
29259,2015-12-31,02198500,32.52823709,-81.26871649,14.89,2015,12
29260,2015-12-31,02198760,32.33936049,-81.12844379,12.15,2015,12
