,STATION,PRCP1,PRCP2,PRCP3,PRCP4,PRCP5,PRCP6,PRCP7,PRCP8,PRCP9,PRCP10,PRCP11,PRCP12,SST1,SST2,SST3,SST4,SST5,SST6,SST7,SST8,SST9,SST10,SST11,SST12,RANGE_HIGH1,RANGE_HIGH2,RANGE_HIGH3,RANGE_HIGH4,RANGE_HIGH5,RANGE_HIGH6,RANGE_HIGH7,RANGE_HIGH8,RANGE_HIGH9,RANGE_HIGH10,RANGE_HIGH11,RANGE_HIGH12,RANGE_OVERALL1,RANGE_OVERALL2,RANGE_OVERALL3,RANGE_OVERALL4,RANGE_OVERALL5,RANGE_OVERALL6,RANGE_OVERALL7,RANGE_OVERALL8,RANGE_OVERALL9,RANGE_OVERALL10,RANGE_OVERALL11,RANGE_OVERALL12,RANGE_LOW1,RANGE_LOW2,RANGE_LOW3,RANGE_LOW4,RANGE_LOW5,RANGE_LOW6,RANGE_LOW7,RANGE_LOW8,RANGE_LOW9,RANGE_LOW10,RANGE_LOW11,RANGE_LOW12,TMIN1,TMIN2,TMIN3,TMIN4,TMIN5,TMIN6,TMIN7,TMIN8,TMIN9,TMIN10,TMIN11,TMIN12,TMAX1,TMAX2,TMAX3,TMAX4,TMAX5,TMAX6,TMAX7,TMAX8,TMAX9,TMAX10,TMAX11,TMAX12,LATITUDE,LONGITUDE
0,GHCND:US1SCBK0016,1.97,2.17,1.5,0.8,1.31,3.69,1.16,1.96,2.19,6.67,1.83,0.85,21.92799949645996,21.64399948120117,20.623999786376952,20.789999389648436,23.409999084472656,27.159999084472656,27.949999237060545,28.609999465942384,27.9359992980957,24.963999557495118,23.191999435424805,21.75799980163574,,,,,,,,,,,,,,,,,,,,,,,,,,,,,,,,,,,,,,,,,,,,,,,,,,,,,,,,,,,,,33.0347,-80.135
1,GHCND:US1SCBK0017,1.9,2.28,1.35,0.81,1.38,3.13,1.11,3.49,1.51,7.62,1.21,0.56,21.92799949645996,21.64399948120117,20.623999786376952,20.789999389648436,23.409999084472656,27.159999084472656,27.949999237060545,28.609999465942384,27.9359992980957,24.963999557495118,23.191999435424805,21.75799980163574,,,,,,,,,,,,,,,,,,,,,,,,,,,,,,,,,,,,,,,,,,,,,,,,,,,,,,,,,,,,,33.0011,-80.0766
2,GHCND:US1SCBK0019,1.91,2.15,1.52,1.27,1.35,2.89,1.22,1.52,2.06,8.17,1.38,0.83,21.92799949645996,21.64399948120117,20.623999786376952,20.789999389648436,23.409999084472656,27.159999084472656,27.949999237060545,28.609999465942384,27.9359992980957,24.963999557495118,23.191999435424805,21.75799980163574,,,,,,,,,,,,,,,,,,,,,,,,,,,,,,,,,,,,,,,,,,,,,,,,,,,,,,,,,,,,,33.0377,-80.1259
3,GHCND:US1SCBK0037,1.89,2.38,0.93,0.95,1.22,2.44,0.95,3.4,1.61,8.14,1.75,0.99,21.92799949645996,21.64399948120117,20.623999786376952,20.789999389648436,23.409999084472656,27.159999084472656,27.949999237060545,28.609999465942384,27.9359992980957,24.963999557495118,23.191999435424805,21.75799980163574,,,,,,,,,,,,,,,,,,,,,,,,,,,,,,,,,,,,,,,,,,,,,,,,,,,,,,,,,,,,,32.9196,-79.8402
4,GHCND:US1SCBK0040,2.1,2.55,0.92,0.89,1.8,1.53,1.55,1.74,1.14,7.4,1.72,0.79,21.92799949645996,21.64399948120117,20.623999786376952,20.789999389648436,23.409999084472656,27.159999084472656,27.949999237060545,28.609999465942384,27.9359992980957,24.963999557495118,23.191999435424805,21.75799980163574,,,,,,,,,,,,,,,,,,,,,,,,,,,,,,,,,,,,,,,,,,,,,,,,,,,,,,,,,,,,,32.8587,-79.9206
5,GHCND:US1SCBK0041,1.8,2.73,0.26,0.63,0.82,1.64,1.24,6.68,0.93,7.36,0.85,0.86,21.92799949645996,21.64399948120117,20.623999786376952,20.789999389648436,23.409999084472656,27.159999084472656,27.949999237060545,28.609999465942384,27.9359992980957,24.963999557495118,23.191999435424805,21.75799980163574,,,,,,,,,,,,,,,,,,,,,,,,,,,,,,,,,,,,,,,,,,,,,,,,,,,,,,,,,,,,,32.9203,-80.0055
6,GHCND:US1SCCR0002,1.36,2.33,1.95,1.22,1.21,0.87,1.15,2.33,1.84,0.89,2.45,1.18,21.92799949645996,21.64399948120117,20.623999786376952,20.789999389648436,23.409999084472656,27.159999084472656,27.949999237060545,28.609999465942384,27.9359992980957,24.963999557495118,23.191999435424805,21.75799980163574,,,,,,,,,,,,,,,,,,,,,,,,,,,,,,,,,,,,,,,,,,,,,,,,,,,,,,,,,,,,,32.8129,-79.8877
7,GHCND:US1SCCR0004,1.3,2.19,1.63,1.07,0.78,1.11,0.94,2.91,1.32,6.99,3.02,0.98,21.92799949645996,21.64399948120117,20.623999786376952,20.789999389648436,23.409999084472656,27.159999084472656,27.949999237060545,28.609999465942384,27.9359992980957,24.963999557495118,23.191999435424805,21.75799980163574,,,,,,,,,,,,,,,,,,,,,,,,,,,,,,,,,,,,,,,,,,,,,,,,,,,,,,,,,,,,,32.8117,-79.8336
8,GHCND:US1SCCR0022,0.8,2.67,0.88,1.28,3.67,3.1,1.65,5.75,0.69,0.58,2.46,0.62,21.87199935913086,21.51399955749512,20.46799964904785,20.6859992980957,23.3299991607666,27.003998947143554,27.819998931884765,28.593999481201173,27.999999237060546,25.019999694824218,23.075999069213868,21.521999740600585,,,,,,,,,,,,,,,,,,,,,,,,,,,,,,,,,,,,,,,,,,,,,,,,,,,,,,,,,,,,,32.806999999999995,-80.08
9,GHCND:US1SCCR0026,1.38,2.44,1.41,1.12,0.93,1.17,0.95,2.36,1.79,7.94,2.05,1.17,21.92799949645996,21.64399948120117,20.623999786376952,20.789999389648436,23.409999084472656,27.159999084472656,27.949999237060545,28.609999465942384,27.9359992980957,24.963999557495118,23.191999435424805,21.75799980163574,,,,,,,,,,,,,,,,,,,,,,,,,,,,,,,,,,,,,,,,,,,,,,,,,,,,,,,,,,,,,32.8567,-79.8058
10,GHCND:US1SCCR0030,0.54,2.49,1.27,0.72,1.74,4.1,1.57,5.48,1.49,9.47,1.82,0.63,21.92799949645996,21.64399948120117,20.623999786376952,20.789999389648436,23.409999084472656,27.159999084472656,27.949999237060545,28.609999465942384,27.9359992980957,24.963999557495118,23.191999435424805,21.75799980163574,,,,,,,,,,,,,,,,,,,,,,,,,,,,,,,,,,,,,,,,,,,,,,,,,,,,,,,,,,,,,32.9591,-80.0606
11,GHCND:US1SCCR0032,1.76,2.52,0.93,0.23,0.66,3.98,0.77,1.41,3.8,5.39,1.59,0.72,21.849999618530273,21.465999603271484,20.383999633789063,20.62799949645996,23.285999298095703,26.935998916625977,27.769998931884764,28.57999954223633,28.039999389648436,25.067999649047852,23.033999252319337,21.441999435424805,,,,,,,,,,,,,,,,,,,,,,,,,,,,,,,,,,,,,,,,,,,,,,,,,,,,,,,,,,,,,32.7011,-80.2937
12,GHCND:US1SCCR0034,1.77,2.52,1.1,0.7,1.09,2.54,1.49,3.04,1.46,8.02,3.27,0.64,21.92799949645996,21.64399948120117,20.623999786376952,20.789999389648436,23.409999084472656,27.159999084472656,27.949999237060545,28.609999465942384,27.9359992980957,24.963999557495118,23.191999435424805,21.75799980163574,,,,,,,,,,,,,,,,,,,,,,,,,,,,,,,,,,,,,,,,,,,,,,,,,,,,,,,,,,,,,32.9322,-80.0736
13,GHCND:US1SCCR0042,1.06,2.35,1.06,1.06,1.4,1.82,1.3,1.63,0.9,6.77,1.57,0.67,22.12799949645996,21.79599952697754,20.6939998626709,20.87799949645996,23.47199935913086,27.091999053955078,27.903998947143556,28.649999618530273,28.057999420166016,25.187999725341797,23.317999267578124,21.883999633789063,,,,,,,,,,,,,,,,,,,,,,,,,,,,,,,,,,,,,,,,,,,,,,,,,,,,,,,,,,,,,32.8103,-79.9569
14,GHCND:US1SCCR0045,2.16,2.81,0.8,1.35,4.02,2.14,2.38,4.06,1.42,3.83,3.43,0.81,21.87199935913086,21.51399955749512,20.46799964904785,20.6859992980957,23.3299991607666,27.003998947143554,27.819998931884765,28.593999481201173,27.999999237060546,25.019999694824218,23.075999069213868,21.521999740600585,,,,,,,,,,,,,,,,,,,,,,,,,,,,,,,,,,,,,,,,,,,,,,,,,,,,,,,,,,,,,32.8352,-80.07300000000002
15,GHCND:US1SCCR0051,1.19,2.55,2.22,1.22,1.28,1.18,1.34,3.21,0.73,6.75,3.15,1.15,22.12799949645996,21.79599952697754,20.6939998626709,20.87799949645996,23.47199935913086,27.091999053955078,27.903998947143556,28.649999618530273,28.057999420166016,25.187999725341797,23.317999267578124,21.883999633789063,,,,,,,,,,,,,,,,,,,,,,,,,,,,,,,,,,,,,,,,,,,,,,,,,,,,,,,,,,,,,32.8064,-79.8784
16,GHCND:US1SCCR0057,1.79,2.48,0.86,0.98,1.35,1.74,1.85,4.3,1.05,8.0,2.45,0.47,21.92799949645996,21.64399948120117,20.623999786376952,20.789999389648436,23.409999084472656,27.159999084472656,27.949999237060545,28.609999465942384,27.9359992980957,24.963999557495118,23.191999435424805,21.75799980163574,,,,,,,,,,,,,,,,,,,,,,,,,,,,,,,,,,,,,,,,,,,,,,,,,,,,,,,,,,,,,32.8794,-79.9899
17,GHCND:US1SCCR0069,1.63,2.72,0.49,1.15,0.46,1.51,2.73,1.97,0.46,13.17,2.44,0.68,21.92799949645996,21.64399948120117,20.623999786376952,20.789999389648436,23.409999084472656,27.159999084472656,27.949999237060545,28.609999465942384,27.9359992980957,24.963999557495118,23.191999435424805,21.75799980163574,,,,,,,,,,,,,,,,,,,,,,,,,,,,,,,,,,,,,,,,,,,,,,,,,,,,,,,,,,,,,32.8965,-79.7962
18,GHCND:US1SCCR0074,1.43,2.38,0.85,3.65,0.83,1.38,1.36,2.3,1.63,7.07,2.9,1.18,21.87199935913086,21.51399955749512,20.46799964904785,20.6859992980957,23.3299991607666,27.003998947143554,27.819998931884765,28.593999481201173,27.999999237060546,25.019999694824218,23.075999069213868,21.521999740600585,,,,,,,,,,,,,,,,,,,,,,,,,,,,,,,,,,,,,,,,,,,,,,,,,,,,,,,,,,,,,32.7216,-80.0088
19,GHCND:US1SCCR0076,1.33,2.0,1.5,1.35,0.85,1.13,1.3,2.6,2.2,7.0,3.85,0.65,21.92799949645996,21.64399948120117,20.623999786376952,20.789999389648436,23.409999084472656,27.159999084472656,27.949999237060545,28.609999465942384,27.9359992980957,24.963999557495118,23.191999435424805,21.75799980163574,,,,,,,,,,,,,,,,,,,,,,,,,,,,,,,,,,,,,,,,,,,,,,,,,,,,,,,,,,,,,32.8224,-79.8253
20,GHCND:US1SCCR0082,1.62,2.52,1.54,1.16,1.36,2.57,1.25,2.63,0.98,8.61,1.88,0.96,22.12799949645996,21.79599952697754,20.6939998626709,20.87799949645996,23.47199935913086,27.091999053955078,27.903998947143556,28.649999618530273,28.057999420166016,25.187999725341797,23.317999267578124,21.883999633789063,,,,,,,,,,,,,,,,,,,,,,,,,,,,,,,,,,,,,,,,,,,,,,,,,,,,,,,,,,,,,32.7859,-79.9834
21,GHCND:US1SCCR0083,1.38,2.27,0.35,0.54,0.9,1.23,1.21,2.8,0.71,6.62,2.88,0.41,21.849999618530273,21.465999603271484,20.383999633789063,20.62799949645996,23.285999298095703,26.935998916625977,27.769998931884764,28.57999954223633,28.039999389648436,25.067999649047852,23.033999252319337,21.441999435424805,,,,,,,,,,,,,,,,,,,,,,,,,,,,,,,,,,,,,,,,,,,,,,,,,,,,,,,,,,,,,32.6288,-80.0406
22,GHCND:US1SCCR0087,0.89,2.51,0.69,1.02,1.34,2.05,1.38,2.58,0.68,5.7,1.8,0.85,22.12799949645996,21.79599952697754,20.6939998626709,20.87799949645996,23.47199935913086,27.091999053955078,27.903998947143556,28.649999618530273,28.057999420166016,25.187999725341797,23.317999267578124,21.883999633789063,,,,,,,,,,,,,,,,,,,,,,,,,,,,,,,,,,,,,,,,,,,,,,,,,,,,,,,,,,,,,32.8257,-79.9835
23,GHCND:US1SCCR0092,2.0,2.4,0.68,1.62,1.13,0.58,1.35,2.18,3.44,6.71,2.7,0.48,21.849999618530273,21.465999603271484,20.383999633789063,20.62799949645996,23.285999298095703,26.935998916625977,27.769998931884764,28.57999954223633,28.039999389648436,25.067999649047852,23.033999252319337,21.441999435424805,,,,,,,,,,,,,,,,,,,,,,,,,,,,,,,,,,,,,,,,,,,,,,,,,,,,,,,,,,,,,32.7884,-80.2565
24,GHCND:US1SCCR0094,1.16,1.59,1.33,0.9,0.72,0.89,1.1,2.3,1.06,5.2,3.91,1.07,22.12799949645996,21.79599952697754,20.6939998626709,20.87799949645996,23.47199935913086,27.091999053955078,27.903998947143556,28.649999618530273,28.057999420166016,25.187999725341797,23.317999267578124,21.883999633789063,,,,,,,,,,,,,,,,,,,,,,,,,,,,,,,,,,,,,,,,,,,,,,,,,,,,,,,,,,,,,32.7924,-79.8588
25,GHCND:US1SCCR0097,2.03,2.68,0.92,1.24,3.92,2.54,1.45,3.6,1.8,8.08,1.84,0.64,21.87199935913086,21.51399955749512,20.46799964904785,20.6859992980957,23.3299991607666,27.003998947143554,27.819998931884765,28.593999481201173,27.999999237060546,25.019999694824218,23.075999069213868,21.521999740600585,,,,,,,,,,,,,,,,,,,,,,,,,,,,,,,,,,,,,,,,,,,,,,,,,,,,,,,,,,,,,32.8097,-80.0746
26,GHCND:US1SCCR0098,1.2,0.91,0.97,0.76,0.9,3.99,0.66,3.03,2.78,6.45,2.25,0.61,21.849999618530273,21.465999603271484,20.383999633789063,20.62799949645996,23.285999298095703,26.935998916625977,27.769998931884764,28.57999954223633,28.039999389648436,25.067999649047852,23.033999252319337,21.441999435424805,,,,,,,,,,,,,,,,,,,,,,,,,,,,,,,,,,,,,,,,,,,,,,,,,,,,,,,,,,,,,32.6299,-80.1951
27,GHCND:US1SCCR0099,1.42,2.19,1.97,0.98,1.05,1.56,1.12,2.38,1.55,6.12,2.58,1.21,21.92799949645996,21.64399948120117,20.623999786376952,20.789999389648436,23.409999084472656,27.159999084472656,27.949999237060545,28.609999465942384,27.9359992980957,24.963999557495118,23.191999435424805,21.75799980163574,,,,,,,,,,,,,,,,,,,,,,,,,,,,,,,,,,,,,,,,,,,,,,,,,,,,,,,,,,,,,32.8195,-79.8809
28,GHCND:US1SCDC0003,1.73,2.47,1.08,0.68,1.01,2.53,1.52,3.45,1.38,8.21,3.49,0.64,21.92799949645996,21.64399948120117,20.623999786376952,20.789999389648436,23.409999084472656,27.159999084472656,27.949999237060545,28.609999465942384,27.9359992980957,24.963999557495118,23.191999435424805,21.75799980163574,,,,,,,,,,,,,,,,,,,,,,,,,,,,,,,,,,,,,,,,,,,,,,,,,,,,,,,,,,,,,32.9262,-80.084
29,GHCND:US1SCDC0036,1.4,2.24,1.37,0.87,1.34,3.72,0.76,2.22,0.58,9.11,1.87,0.76,21.92799949645996,21.64399948120117,20.623999786376952,20.789999389648436,23.409999084472656,27.159999084472656,27.949999237060545,28.609999465942384,27.9359992980957,24.963999557495118,23.191999435424805,21.75799980163574,,,,,,,,,,,,,,,,,,,,,,,,,,,,,,,,,,,,,,,,,,,,,,,,,,,,,,,,,,,,,32.985,-80.1844
30,GHCND:US1SCDC0037,1.74,3.44,1.72,1.14,1.34,3.92,2.31,1.21,0.22,11.35,1.21,1.36,21.92799949645996,21.64399948120117,20.623999786376952,20.789999389648436,23.409999084472656,27.159999084472656,27.949999237060545,28.609999465942384,27.9359992980957,24.963999557495118,23.191999435424805,21.75799980163574,,,,,,,,,,,,,,,,,,,,,,,,,,,,,,,,,,,,,,,,,,,,,,,,,,,,,,,,,,,,,33.0391,-80.2178
31,GHCND:US1SCDC0038,1.72,2.27,1.45,0.52,1.05,4.3,1.29,1.33,3.5,8.89,1.38,0.9,21.92799949645996,21.64399948120117,20.623999786376952,20.789999389648436,23.409999084472656,27.159999084472656,27.949999237060545,28.609999465942384,27.9359992980957,24.963999557495118,23.191999435424805,21.75799980163574,,,,,,,,,,,,,,,,,,,,,,,,,,,,,,,,,,,,,,,,,,,,,,,,,,,,,,,,,,,,,33.0044,-80.2093
32,GHCND:US1SCDC0040,1.28,2.44,1.44,0.93,0.8,1.94,1.91,1.62,4.82,8.87,1.69,2.02,21.649999618530273,21.313999557495116,20.313999557495116,20.539999389648436,23.2239990234375,27.003998947143554,27.815999221801757,28.539999389648436,27.917999267578125,24.843999481201173,22.907999420166014,21.315999603271486,,,,,,,,,,,,,,,,,,,,,,,,,,,,,,,,,,,,,,,,,,,,,,,,,,,,,,,,,,,,,32.9878,-80.2971
33,GHCND:US1SCGT0001,2.61,1.86,0.89,1.66,1.58,3.48,3.23,4.18,0.71,2.7,1.75,0.95,21.92799949645996,21.64399948120117,20.623999786376952,20.789999389648436,23.409999084472656,27.159999084472656,27.949999237060545,28.609999465942384,27.9359992980957,24.963999557495118,23.191999435424805,21.75799980163574,,,,,,,,,,,,,,,,,,,,,,,,,,,,,,,,,,,,,,,,,,,,,,,,,,,,,,,,,,,,,33.4306,-79.2537
34,GHCND:US1SCGT0009,2.6,1.82,0.83,1.65,1.55,2.24,1.01,3.12,2.16,7.72,1.32,0.9,22.16599922180176,21.839999389648437,20.97599983215332,21.28799934387207,23.775999069213867,27.411999130249022,28.099999237060548,28.609999465942384,27.89799919128418,25.129999542236327,23.65399932861328,22.367999649047853,,,,,,,,,,,,,,,,,,,,,,,,,,,,,,,,,,,,,,,,,,,,,,,,,,,,,,,,,,,,,33.4943,-79.0832
35,GHCND:US1SCGT0013,2.5,1.95,1.0,2.27,1.63,3.43,2.67,4.16,2.95,7.2,1.64,1.18,21.92799949645996,21.64399948120117,20.623999786376952,20.789999389648436,23.409999084472656,27.159999084472656,27.949999237060545,28.609999465942384,27.9359992980957,24.963999557495118,23.191999435424805,21.75799980163574,,,,,,,,,,,,,,,,,,,,,,,,,,,,,,,,,,,,,,,,,,,,,,,,,,,,,,,,,,,,,33.4266,-79.2599
36,GHCND:US1SCGT0017,2.75,0.76,0.96,2.19,1.75,3.13,2.54,4.06,2.52,7.25,1.48,0.85,21.92799949645996,21.64399948120117,20.623999786376952,20.789999389648436,23.409999084472656,27.159999084472656,27.949999237060545,28.609999465942384,27.9359992980957,24.963999557495118,23.191999435424805,21.75799980163574,,,,,,,,,,,,,,,,,,,,,,,,,,,,,,,,,,,,,,,,,,,,,,,,,,,,,,,,,,,,,33.4266,-79.2583
37,GHCND:US1SCGT0018,2.47,1.82,0.88,1.46,1.7,3.12,3.3,2.72,4.34,5.22,1.26,1.14,22.16599922180176,21.839999389648437,20.97599983215332,21.28799934387207,23.775999069213867,27.411999130249022,28.099999237060548,28.609999465942384,27.89799919128418,25.129999542236327,23.65399932861328,22.367999649047853,,,,,,,,,,,,,,,,,,,,,,,,,,,,,,,,,,,,,,,,,,,,,,,,,,,,,,,,,,,,,33.4284,-79.1721
38,GHCND:US1SCGT0024,2.65,1.97,1.2,1.18,1.82,2.71,1.98,4.4,4.6,6.4,1.25,1.4,22.16599922180176,21.839999389648437,20.97599983215332,21.28799934387207,23.775999069213867,27.411999130249022,28.099999237060548,28.609999465942384,27.89799919128418,25.129999542236327,23.65399932861328,22.367999649047853,,,,,,,,,,,,,,,,,,,,,,,,,,,,,,,,,,,,,,,,,,,,,,,,,,,,,,,,,,,,,33.4596,-79.1195
39,GHCND:US1SCGT0026,2.43,1.85,1.04,1.19,1.08,3.02,2.7,3.31,3.52,7.49,0.97,1.14,22.16599922180176,21.839999389648437,20.97599983215332,21.28799934387207,23.775999069213867,27.411999130249022,28.099999237060548,28.609999465942384,27.89799919128418,25.129999542236327,23.65399932861328,22.367999649047853,,,,,,,,,,,,,,,,,,,,,,,,,,,,,,,,,,,,,,,,,,,,,,,,,,,,,,,,,,,,,33.4268,-79.1379
40,GHCND:US1SCGV0001,1.11,1.07,0.83,1.25,0.48,1.24,1.17,1.12,1.27,3.76,2.47,2.25,21.49199981689453,21.125999450683594,20.157999420166014,20.46199951171875,23.21599922180176,27.011999130249023,27.777999496459962,28.48799934387207,27.87799949645996,24.76399955749512,22.817999649047852,21.147999572753907,,,,,,,,,,,,,,,,,,,,,,,,,,,,,,,,,,,,,,,,,,,,,,,,,,,,,,,,,,,,,34.9189,-82.3621
41,GHCND:US1SCGV0006,0.98,1.1,0.87,1.78,0.75,1.38,0.86,1.28,1.11,3.15,2.4,2.27,21.49199981689453,21.125999450683594,20.157999420166014,20.46199951171875,23.21599922180176,27.011999130249023,27.777999496459962,28.48799934387207,27.87799949645996,24.76399955749512,22.817999649047852,21.147999572753907,,,,,,,,,,,,,,,,,,,,,,,,,,,,,,,,,,,,,,,,,,,,,,,,,,,,,,,,,,,,,34.9515,-82.3366
42,GHCND:US1SCGV0009,1.46,1.06,0.84,1.31,0.53,0.76,0.55,0.74,1.15,3.24,2.41,1.87,21.49199981689453,21.125999450683594,20.157999420166014,20.46199951171875,23.21599922180176,27.011999130249023,27.777999496459962,28.48799934387207,27.87799949645996,24.76399955749512,22.817999649047852,21.147999572753907,,,,,,,,,,,,,,,,,,,,,,,,,,,,,,,,,,,,,,,,,,,,,,,,,,,,,,,,,,,,,34.9814,-82.3047
43,GHCND:US1SCGV0018,2.15,1.29,1.0,1.96,0.55,0.62,1.75,2.74,2.07,3.65,3.01,2.03,21.49199981689453,21.125999450683594,20.157999420166014,20.46199951171875,23.21599922180176,27.011999130249023,27.777999496459962,28.48799934387207,27.87799949645996,24.76399955749512,22.817999649047852,21.147999572753907,,,,,,,,,,,,,,,,,,,,,,,,,,,,,,,,,,,,,,,,,,,,,,,,,,,,,,,,,,,,,34.9594,-82.3973
44,GHCND:US1SCGV0027,1.1,1.09,0.73,1.54,0.89,0.89,0.28,1.35,1.62,3.36,2.41,2.45,21.49199981689453,21.125999450683594,20.157999420166014,20.46199951171875,23.21599922180176,27.011999130249023,27.777999496459962,28.48799934387207,27.87799949645996,24.76399955749512,22.817999649047852,21.147999572753907,,,,,,,,,,,,,,,,,,,,,,,,,,,,,,,,,,,,,,,,,,,,,,,,,,,,,,,,,,,,,34.9176,-82.3771
45,GHCND:US1SCGV0060,1.31,1.12,0.88,1.42,0.75,1.64,0.35,1.29,0.89,1.86,2.49,1.83,21.49199981689453,21.125999450683594,20.157999420166014,20.46199951171875,23.21599922180176,27.011999130249023,27.777999496459962,28.48799934387207,27.87799949645996,24.76399955749512,22.817999649047852,21.147999572753907,,,,,,,,,,,,,,,,,,,,,,,,,,,,,,,,,,,,,,,,,,,,,,,,,,,,,,,,,,,,,34.9966,-82.3541
46,GHCND:US1SCGV0061,1.04,0.92,0.67,1.16,0.55,0.75,0.51,1.73,0.23,3.94,2.28,2.19,21.49199981689453,21.125999450683594,20.157999420166014,20.46199951171875,23.21599922180176,27.011999130249023,27.777999496459962,28.48799934387207,27.87799949645996,24.76399955749512,22.817999649047852,21.147999572753907,,,,,,,,,,,,,,,,,,,,,,,,,,,,,,,,,,,,,,,,,,,,,,,,,,,,,,,,,,,,,34.857,-82.3919
47,GHCND:US1SCGV0064,0.79,1.13,0.73,1.66,0.42,0.5,0.21,2.57,2.37,3.05,2.37,2.06,21.49199981689453,21.125999450683594,20.157999420166014,20.46199951171875,23.21599922180176,27.011999130249023,27.777999496459962,28.48799934387207,27.87799949645996,24.76399955749512,22.817999649047852,21.147999572753907,,,,,,,,,,,,,,,,,,,,,,,,,,,,,,,,,,,,,,,,,,,,,,,,,,,,,,,,,,,,,34.92,-82.4254
48,GHCND:US1SCHR0019,1.23,1.46,1.11,0.68,0.6,1.01,1.26,2.4,0.67,2.9,2.16,1.74,21.933999252319335,21.48999938964844,20.82400016784668,21.333999633789062,23.75599937438965,27.471998977661134,28.145999145507812,28.49799919128418,27.71599922180176,24.945999526977538,23.65399932861328,22.423999786376953,,,,,,,,,,,,,,,,,,,,,,,,,,,,,,,,,,,,,,,,,,,,,,,,,,,,,,,,,,,,,34.0675,-78.8689
49,GHCND:US1SCHR0020,4.12,1.75,1.0,1.0,2.87,1.87,1.5,4.5,2.12,6.0,4.5,1.37,22.16599922180176,21.839999389648437,20.97599983215332,21.28799934387207,23.775999069213867,27.411999130249022,28.099999237060548,28.609999465942384,27.89799919128418,25.129999542236327,23.65399932861328,22.367999649047853,,,,,,,,,,,,,,,,,,,,,,,,,,,,,,,,,,,,,,,,,,,,,,,,,,,,,,,,,,,,,33.7692,-78.9144
50,GHCND:US1SCHR0032,2.95,0.32,0.74,0.73,3.79,1.51,2.21,2.16,3.49,9.3,2.83,1.11,21.933999252319335,21.48999938964844,20.82400016784668,21.333999633789062,23.75599937438965,27.471998977661134,28.145999145507812,28.49799919128418,27.71599922180176,24.945999526977538,23.65399932861328,22.423999786376953,,,,,,,,,,,,,,,,,,,,,,,,,,,,,,,,,,,,,,,,,,,,,,,,,,,,,,,,,,,,,33.8368,-78.6492
51,GHCND:US1SCHR0033,1.24,1.61,1.13,0.69,0.5,1.46,1.08,2.53,1.24,3.73,2.77,2.72,21.933999252319335,21.48999938964844,20.82400016784668,21.333999633789062,23.75599937438965,27.471998977661134,28.145999145507812,28.49799919128418,27.71599922180176,24.945999526977538,23.65399932861328,22.423999786376953,,,,,,,,,,,,,,,,,,,,,,,,,,,,,,,,,,,,,,,,,,,,,,,,,,,,,,,,,,,,,34.0379,-78.9351
52,GHCND:US1SCHR0041,1.58,0.23,0.57,0.44,1.02,0.5,1.2,3.58,1.35,2.43,3.1,2.3,22.16599922180176,21.839999389648437,20.97599983215332,21.28799934387207,23.775999069213867,27.411999130249022,28.099999237060548,28.609999465942384,27.89799919128418,25.129999542236327,23.65399932861328,22.367999649047853,,,,,,,,,,,,,,,,,,,,,,,,,,,,,,,,,,,,,,,,,,,,,,,,,,,,,,,,,,,,,33.7732,-79.0086
53,GHCND:US1SCHR0046,2.6,1.58,1.06,0.49,0.87,0.72,0.68,5.6,1.45,9.55,2.32,0.92,22.16599922180176,21.839999389648437,20.97599983215332,21.28799934387207,23.775999069213867,27.411999130249022,28.099999237060548,28.609999465942384,27.89799919128418,25.129999542236327,23.65399932861328,22.367999649047853,,,,,,,,,,,,,,,,,,,,,,,,,,,,,,,,,,,,,,,,,,,,,,,,,,,,,,,,,,,,,33.7267,-78.9729
54,GHCND:US1SCHR0061,1.45,2.02,0.82,0.49,3.54,1.71,1.83,2.34,2.0,10.82,4.08,1.5,21.933999252319335,21.48999938964844,20.82400016784668,21.333999633789062,23.75599937438965,27.471998977661134,28.145999145507812,28.49799919128418,27.71599922180176,24.945999526977538,23.65399932861328,22.423999786376953,,,,,,,,,,,,,,,,,,,,,,,,,,,,,,,,,,,,,,,,,,,,,,,,,,,,,,,,,,,,,33.8295,-78.9528
55,GHCND:US1SCHR0064,2.32,1.68,0.88,0.68,1.07,1.53,1.24,4.95,1.3,9.35,1.95,1.12,22.16599922180176,21.839999389648437,20.97599983215332,21.28799934387207,23.775999069213867,27.411999130249022,28.099999237060548,28.609999465942384,27.89799919128418,25.129999542236327,23.65399932861328,22.367999649047853,,,,,,,,,,,,,,,,,,,,,,,,,,,,,,,,,,,,,,,,,,,,,,,,,,,,,,,,,,,,,33.7157,-78.8556
56,GHCND:US1SCHR0067,1.8,1.68,1.07,0.79,0.95,1.57,1.05,3.77,1.4,9.18,2.77,1.46,22.16599922180176,21.839999389648437,20.97599983215332,21.28799934387207,23.775999069213867,27.411999130249022,28.099999237060548,28.609999465942384,27.89799919128418,25.129999542236327,23.65399932861328,22.367999649047853,,,,,,,,,,,,,,,,,,,,,,,,,,,,,,,,,,,,,,,,,,,,,,,,,,,,,,,,,,,,,33.7452,-79.0173
57,GHCND:US1SCHR0071,0.73,1.62,0.43,0.58,0.06,0.85,0.65,0.56,0.38,1.64,3.6,1.41,21.703999328613282,21.293999481201173,20.57599983215332,21.065999603271486,23.5799991607666,27.371998977661132,28.085999298095704,28.46399917602539,27.68199920654297,24.799999237060547,23.40399932861328,22.10199966430664,,,,,,,,,,,,,,,,,,,,,,,,,,,,,,,,,,,,,,,,,,,,,,,,,,,,,,,,,,,,,33.967,-79.018
58,GHCND:US1SCHR0075,2.53,1.62,0.94,0.48,1.85,1.48,1.6,2.49,3.16,8.42,6.5,1.19,22.16599922180176,21.839999389648437,20.97599983215332,21.28799934387207,23.775999069213867,27.411999130249022,28.099999237060548,28.609999465942384,27.89799919128418,25.129999542236327,23.65399932861328,22.367999649047853,,,,,,,,,,,,,,,,,,,,,,,,,,,,,,,,,,,,,,,,,,,,,,,,,,,,,,,,,,,,,33.7905,-78.9572
59,GHCND:US1SCLX0049,1.89,1.31,0.8,1.73,0.22,1.72,0.27,2.84,1.7,7.59,2.35,3.23,21.49199981689453,21.125999450683594,20.157999420166014,20.46199951171875,23.21599922180176,27.011999130249023,27.777999496459962,28.48799934387207,27.87799949645996,24.76399955749512,22.817999649047852,21.147999572753907,,,,,,,,,,,,,,,,,,,,,,,,,,,,,,,,,,,,,,,,,,,,,,,,,,,,,,,,,,,,,34.1464,-81.3427
60,GHCND:US1SCLX0051,2.01,1.26,0.77,1.75,0.61,1.66,1.82,2.66,1.71,7.62,2.28,3.03,21.49199981689453,21.125999450683594,20.157999420166014,20.46199951171875,23.21599922180176,27.011999130249023,27.777999496459962,28.48799934387207,27.87799949645996,24.76399955749512,22.817999649047852,21.147999572753907,,,,,,,,,,,,,,,,,,,,,,,,,,,,,,,,,,,,,,,,,,,,,,,,,,,,,,,,,,,,,34.1456,-81.3482
61,GHCND:US1SCLX0061,1.03,1.34,0.81,1.22,0.03,1.93,2.46,3.04,2.81,7.23,3.41,1.93,21.49199981689453,21.125999450683594,20.157999420166014,20.46199951171875,23.21599922180176,27.011999130249023,27.777999496459962,28.48799934387207,27.87799949645996,24.76399955749512,22.817999649047852,21.147999572753907,,,,,,,,,,,,,,,,,,,,,,,,,,,,,,,,,,,,,,,,,,,,,,,,,,,,,,,,,,,,,34.0699,-81.2108
62,GHCND:US1SCLX0070,1.1,1.26,0.85,2.56,0.9,2.05,1.09,2.55,2.0,6.4,2.08,3.78,21.49199981689453,21.125999450683594,20.157999420166014,20.46199951171875,23.21599922180176,27.011999130249023,27.777999496459962,28.48799934387207,27.87799949645996,24.76399955749512,22.817999649047852,21.147999572753907,,,,,,,,,,,,,,,,,,,,,,,,,,,,,,,,,,,,,,,,,,,,,,,,,,,,,,,,,,,,,34.0978,-81.3655
63,GHCND:US1SCNW0005,2.7,1.1,0.6,1.8,0.9,0.4,1.6,2.7,0.0,8.6,1.8,0.0,21.49199981689453,21.125999450683594,20.157999420166014,20.46199951171875,23.21599922180176,27.011999130249023,27.777999496459962,28.48799934387207,27.87799949645996,24.76399955749512,22.817999649047852,21.147999572753907,,,,,,,,,,,,,,,,,,,,,,,,,,,,,,,,,,,,,,,,,,,,,,,,,,,,,,,,,,,,,34.183,-81.4651
64,GHCND:US1SCOC0006,1.58,0.58,1.03,1.56,2.15,1.58,1.45,3.11,1.24,2.35,2.69,2.32,21.43599967956543,20.99599952697754,20.001999282836913,20.357999420166017,23.135999298095705,26.855998992919922,27.64799919128418,28.47199935913086,27.941999435424805,24.81999969482422,22.701999282836915,20.91199951171875,,,,,,,,,,,,,,,,,,,,,,,,,,,,,,,,,,,,,,,,,,,,,,,,,,,,,,,,,,,,,34.7869,-83.0819
65,GHCND:US1SCOC0007,2.08,1.15,0.79,0.8,0.75,2.67,0.61,2.28,2.46,2.4,2.58,2.87,21.43599967956543,20.99599952697754,20.001999282836913,20.357999420166017,23.135999298095705,26.855998992919922,27.64799919128418,28.47199935913086,27.941999435424805,24.81999969482422,22.701999282836915,20.91199951171875,,,,,,,,,,,,,,,,,,,,,,,,,,,,,,,,,,,,,,,,,,,,,,,,,,,,,,,,,,,,,34.7568,-82.9571
66,GHCND:US1SCOC0015,2.4,1.2,0.79,0.69,1.47,2.38,0.77,1.8,1.44,2.7,2.28,2.63,21.43599967956543,20.99599952697754,20.001999282836913,20.357999420166017,23.135999298095705,26.855998992919922,27.64799919128418,28.47199935913086,27.941999435424805,24.81999969482422,22.701999282836915,20.91199951171875,,,,,,,,,,,,,,,,,,,,,,,,,,,,,,,,,,,,,,,,,,,,,,,,,,,,,,,,,,,,,34.7484,-83.0202
67,GHCND:US1SCOC0023,2.34,1.18,0.78,0.7,0.58,2.6,0.6,2.2,1.26,2.7,2.18,2.92,21.43599967956543,20.99599952697754,20.001999282836913,20.357999420166017,23.135999298095705,26.855998992919922,27.64799919128418,28.47199935913086,27.941999435424805,24.81999969482422,22.701999282836915,20.91199951171875,,,,,,,,,,,,,,,,,,,,,,,,,,,,,,,,,,,,,,,,,,,,,,,,,,,,,,,,,,,,,34.7328,-82.9881
68,GHCND:US1SCRC0004,0.87,1.49,0.83,1.6,0.52,1.3,0.52,2.84,1.81,8.41,2.59,2.88,21.49199981689453,21.125999450683594,20.157999420166014,20.46199951171875,23.21599922180176,27.011999130249023,27.777999496459962,28.48799934387207,27.87799949645996,24.76399955749512,22.817999649047852,21.147999572753907,,,,,,,,,,,,,,,,,,,,,,,,,,,,,,,,,,,,,,,,,,,,,,,,,,,,,,,,,,,,,34.1272,-81.2304
69,GHCND:US1SCRC0005,0.91,1.06,0.78,1.26,0.16,1.03,0.42,2.68,2.64,8.66,2.14,2.58,21.49199981689453,21.125999450683594,20.157999420166014,20.46199951171875,23.21599922180176,27.011999130249023,27.777999496459962,28.48799934387207,27.87799949645996,24.76399955749512,22.817999649047852,21.147999572753907,,,,,,,,,,,,,,,,,,,,,,,,,,,,,,,,,,,,,,,,,,,,,,,,,,,,,,,,,,,,,34.1457,-81.2243
70,GHCND:US1SCRC0040,1.04,1.31,0.95,1.25,0.79,1.04,1.88,2.34,1.97,7.53,3.06,2.28,21.49199981689453,21.125999450683594,20.157999420166014,20.46199951171875,23.21599922180176,27.011999130249023,27.777999496459962,28.48799934387207,27.87799949645996,24.76399955749512,22.817999649047852,21.147999572753907,,,,,,,,,,,,,,,,,,,,,,,,,,,,,,,,,,,,,,,,,,,,,,,,,,,,,,,,,,,,,34.1092,-81.2061
71,GHCND:US1SCRC0061,2.58,1.17,0.85,1.42,0.44,0.85,0.65,1.83,0.52,7.3,2.63,2.9,21.49199981689453,21.125999450683594,20.157999420166014,20.46199951171875,23.21599922180176,27.011999130249023,27.777999496459962,28.48799934387207,27.87799949645996,24.76399955749512,22.817999649047852,21.147999572753907,,,,,,,,,,,,,,,,,,,,,,,,,,,,,,,,,,,,,,,,,,,,,,,,,,,,,,,,,,,,,34.2095,-81.2718
72,GHCND:US1SCSP0008,1.0,0.75,0.76,3.13,1.5,1.02,2.54,0.53,0.8,2.38,2.63,1.77,21.49199981689453,21.125999450683594,20.157999420166014,20.46199951171875,23.21599922180176,27.011999130249023,27.777999496459962,28.48799934387207,27.87799949645996,24.76399955749512,22.817999649047852,21.147999572753907,,,,,,,,,,,,,,,,,,,,,,,,,,,,,,,,,,,,,,,,,,,,,,,,,,,,,,,,,,,,,34.9134,-81.8748
73,GHCND:US1SCSP0010,1.14,0.91,0.91,1.53,0.77,0.95,1.19,1.21,1.27,4.25,2.15,2.35,21.49199981689453,21.125999450683594,20.157999420166014,20.46199951171875,23.21599922180176,27.011999130249023,27.777999496459962,28.48799934387207,27.87799949645996,24.76399955749512,22.817999649047852,21.147999572753907,,,,,,,,,,,,,,,,,,,,,,,,,,,,,,,,,,,,,,,,,,,,,,,,,,,,,,,,,,,,,34.8763,-82.0571
74,GHCND:US1SCSP0018,0.92,0.85,0.89,1.58,1.09,0.97,0.72,0.54,0.39,1.28,1.81,2.32,21.49199981689453,21.125999450683594,20.157999420166014,20.46199951171875,23.21599922180176,27.011999130249023,27.777999496459962,28.48799934387207,27.87799949645996,24.76399955749512,22.817999649047852,21.147999572753907,,,,,,,,,,,,,,,,,,,,,,,,,,,,,,,,,,,,,,,,,,,,,,,,,,,,,,,,,,,,,34.8796,-82.0777
75,GHCND:US1SCSP0028,1.12,0.85,0.42,1.6,0.97,0.95,1.83,0.47,1.75,3.58,2.18,2.07,21.49199981689453,21.125999450683594,20.157999420166014,20.46199951171875,23.21599922180176,27.011999130249023,27.777999496459962,28.48799934387207,27.87799949645996,24.76399955749512,22.817999649047852,21.147999572753907,,,,,,,,,,,,,,,,,,,,,,,,,,,,,,,,,,,,,,,,,,,,,,,,,,,,,,,,,,,,,34.9304,-82.0189
76,GHCND:US1SCSP0038,1.09,0.95,0.96,0.37,0.09,0.85,1.09,0.76,1.18,4.0,3.24,1.92,21.49199981689453,21.125999450683594,20.157999420166014,20.46199951171875,23.21599922180176,27.011999130249023,27.777999496459962,28.48799934387207,27.87799949645996,24.76399955749512,22.817999649047852,21.147999572753907,,,,,,,,,,,,,,,,,,,,,,,,,,,,,,,,,,,,,,,,,,,,,,,,,,,,,,,,,,,,,34.7308,-81.98100000000002
77,GHCND:US1SCSP0051,1.08,0.7,0.85,2.72,1.67,0.86,2.44,0.37,1.8,1.66,1.77,2.92,21.49199981689453,21.125999450683594,20.157999420166014,20.46199951171875,23.21599922180176,27.011999130249023,27.777999496459962,28.48799934387207,27.87799949645996,24.76399955749512,22.817999649047852,21.147999572753907,,,,,,,,,,,,,,,,,,,,,,,,,,,,,,,,,,,,,,,,,,,,,,,,,,,,,,,,,,,,,34.9178,-81.8788
78,GHCND:US1SCSP0054,1.05,0.82,1.02,1.4,0.4,0.83,1.25,0.85,1.21,1.79,2.16,2.4,21.49199981689453,21.125999450683594,20.157999420166014,20.46199951171875,23.21599922180176,27.011999130249023,27.777999496459962,28.48799934387207,27.87799949645996,24.76399955749512,22.817999649047852,21.147999572753907,,,,,,,,,,,,,,,,,,,,,,,,,,,,,,,,,,,,,,,,,,,,,,,,,,,,,,,,,,,,,34.7689,-81.857
79,GHCND:US1SCSP0055,1.0,0.9,0.82,2.1,0.33,1.17,0.91,0.68,2.04,3.68,2.1,2.01,21.49199981689453,21.125999450683594,20.157999420166014,20.46199951171875,23.21599922180176,27.011999130249023,27.777999496459962,28.48799934387207,27.87799949645996,24.76399955749512,22.817999649047852,21.147999572753907,,,,,,,,,,,,,,,,,,,,,,,,,,,,,,,,,,,,,,,,,,,,,,,,,,,,,,,,,,,,,34.7754,-82.0191
80,GHCND:USC00098842,2.62,1.43,1.44,1.36,1.35,0.43,0.8,1.98,1.97,3.24,3.09,2.36,21.43599967956543,20.99599952697754,20.001999282836913,20.357999420166017,23.135999298095705,26.855998992919922,27.64799919128418,28.47199935913086,27.941999435424805,24.81999969482422,22.701999282836915,20.91199951171875,,,,,,,,,,,,,,,,,,,,,,,,,,,,,,,,,,,,,,,,,,,,,,,,,,,,,,,,,,,,,34.7117,-83.3515
81,GHCND:USC00380184,1.32,1.95,1.34,0.6,1.42,0.98,1.7,2.17,1.5,8.8,2.3,1.75,21.92799949645996,21.64399948120117,20.623999786376952,20.789999389648436,23.409999084472656,27.159999084472656,27.949999237060545,28.609999465942384,27.9359992980957,24.963999557495118,23.191999435424805,21.75799980163574,43.0,39.0,42.0,29.0,25.0,26.0,13.0,15.0,21.0,25.0,31.0,29.0,57.0,57.0,61.0,46.0,46.0,37.0,33.0,32.0,40.0,47.0,55.0,55.0,32.0,32.0,35.0,23.0,24.0,14.0,9.0,11.0,18.0,33.0,37.0,43.0,16.0,15.0,26.0,42.0,44.0,62.0,66.0,64.0,53.0,38.0,29.0,27.0,73.0,72.0,87.0,88.0,90.0,99.0,99.0,96.0,93.0,85.0,84.0,82.0,33.4408,-79.5672
82,GHCND:USC00381093,2.08,1.77,0.8,1.4,1.6,1.89,1.2,2.1,2.18,9.85,1.47,0.95,22.16599922180176,21.839999389648437,20.97599983215332,21.28799934387207,23.775999069213867,27.411999130249022,28.099999237060548,28.609999465942384,27.89799919128418,25.129999542236327,23.65399932861328,22.367999649047853,40.0,38.0,42.0,18.0,20.0,22.0,15.0,12.0,23.0,26.0,32.0,30.0,59.0,54.0,55.0,41.0,40.0,32.0,29.0,27.0,36.0,44.0,51.0,50.0,36.0,34.0,33.0,26.0,22.0,14.0,7.0,10.0,20.0,31.0,39.0,38.0,17.0,16.0,28.0,41.0,48.0,65.0,70.0,67.0,55.0,42.0,31.0,30.0,76.0,70.0,83.0,82.0,88.0,97.0,99.0,94.0,91.0,86.0,82.0,80.0,33.5214,-79.0975
83,GHCND:USC00381804,2.14,1.43,1.0,1.4,0.87,0.9,0.92,1.7,1.2,2.34,2.4,2.45,21.49199981689453,21.125999450683594,20.157999420166014,20.46199951171875,23.21599922180176,27.011999130249023,27.777999496459962,28.48799934387207,27.87799949645996,24.76399955749512,22.817999649047852,21.147999572753907,,,,,,,,,,,,,,,,,,,,,,,,,,,,,,,,,,,,,,,,,,,,,,,,,,,,,,,,,,,,,35.0269,-82.5011
84,GHCND:USC00382730,1.14,2.27,1.13,0.95,0.72,1.8,0.79,2.25,2.78,5.85,2.0,1.37,21.849999618530273,21.465999603271484,20.383999633789063,20.62799949645996,23.285999298095703,26.935998916625977,27.769998931884764,28.57999954223633,28.039999389648436,25.067999649047852,23.033999252319337,21.441999435424805,32.0,29.0,39.0,21.0,25.0,15.0,9.0,6.0,12.0,22.0,23.0,13.0,46.0,46.0,50.0,35.0,39.0,26.0,23.0,20.0,29.0,38.0,41.0,40.0,31.0,33.0,25.0,17.0,22.0,13.0,7.0,8.0,15.0,26.0,33.0,33.0,27.0,20.0,33.0,51.0,52.0,68.0,71.0,70.0,57.0,46.0,35.0,31.0,73.0,66.0,83.0,86.0,91.0,94.0,94.0,90.0,86.0,84.0,76.0,71.0,32.5051,-80.2948
85,GHCND:USC00382735,2.23,1.87,1.56,1.21,0.67,1.51,0.82,1.35,3.42,9.24,1.76,0.88,21.849999618530273,21.465999603271484,20.383999633789063,20.62799949645996,23.285999298095703,26.935998916625977,27.769998931884764,28.57999954223633,28.039999389648436,25.067999649047852,23.033999252319337,21.441999435424805,35.0,35.0,39.0,23.0,25.0,18.0,9.0,13.0,18.0,18.0,29.0,25.0,52.0,51.0,55.0,39.0,42.0,32.0,26.0,22.0,36.0,37.0,48.0,45.0,41.0,29.0,31.0,21.0,23.0,15.0,8.0,5.0,19.0,23.0,37.0,35.0,20.0,21.0,31.0,49.0,50.0,66.0,71.0,71.0,57.0,46.0,35.0,34.0,72.0,72.0,86.0,88.0,92.0,98.0,97.0,93.0,93.0,83.0,83.0,79.0,32.6064,-80.3267
86,GHCND:USC00383470,2.15,2.05,1.39,1.87,1.46,2.3,0.67,6.3,2.5,6.62,1.42,0.96,21.92799949645996,21.64399948120117,20.623999786376952,20.789999389648436,23.409999084472656,27.159999084472656,27.949999237060545,28.609999465942384,27.9359992980957,24.963999557495118,23.191999435424805,21.75799980163574,44.0,40.0,41.0,21.0,22.0,23.0,14.0,16.0,16.0,24.0,31.0,30.0,60.0,57.0,58.0,43.0,44.0,37.0,32.0,31.0,36.0,45.0,56.0,52.0,37.0,34.0,35.0,24.0,23.0,16.0,9.0,11.0,19.0,31.0,37.0,42.0,17.0,16.0,28.0,44.0,48.0,64.0,69.0,66.0,56.0,42.0,31.0,29.0,77.0,73.0,86.0,87.0,92.0,101.0,101.0,97.0,92.0,87.0,87.0,81.0,33.3169,-79.3227
87,GHCND:USC00384111,1.78,2.0,1.06,0.8,0.63,1.77,1.03,1.98,1.21,8.37,1.77,1.83,21.92799949645996,21.64399948120117,20.623999786376952,20.789999389648436,23.409999084472656,27.159999084472656,27.949999237060545,28.609999465942384,27.9359992980957,24.963999557495118,23.191999435424805,21.75799980163574,44.0,39.0,42.0,25.0,22.0,24.0,15.0,13.0,19.0,23.0,30.0,29.0,60.0,58.0,60.0,49.0,44.0,37.0,36.0,31.0,39.0,47.0,53.0,53.0,36.0,34.0,35.0,27.0,23.0,15.0,12.0,12.0,21.0,34.0,37.0,40.0,15.0,13.0,26.0,39.0,45.0,62.0,64.0,63.0,51.0,37.0,29.0,27.0,75.0,71.0,86.0,88.0,89.0,99.0,100.0,94.0,90.0,84.0,82.0,80.0,33.6789,-79.3808
88,GHCND:USC00385200,2.06,0.99,0.76,1.73,0.67,1.6,2.04,2.59,1.94,7.35,1.99,2.29,21.49199981689453,21.125999450683594,20.157999420166014,20.46199951171875,23.21599922180176,27.011999130249023,27.777999496459962,28.48799934387207,27.87799949645996,24.76399955749512,22.817999649047852,21.147999572753907,37.0,38.0,35.0,31.0,21.0,23.0,24.0,22.0,27.0,22.0,24.0,27.0,57.0,59.0,56.0,47.0,44.0,39.0,34.0,37.0,44.0,47.0,46.0,50.0,38.0,39.0,33.0,25.0,24.0,14.0,8.0,14.0,24.0,29.0,39.0,39.0,11.0,10.0,27.0,41.0,46.0,62.0,68.0,62.0,50.0,36.0,28.0,27.0,68.0,69.0,83.0,88.0,90.0,101.0,102.0,99.0,94.0,83.0,74.0,77.0,34.1943,-81.4151
89,GHCND:USC00385278,2.51,1.41,0.78,2.0,0.19,0.59,1.6,1.43,1.25,2.51,3.25,3.27,21.43599967956543,20.99599952697754,20.001999282836913,20.357999420166017,23.135999298095705,26.855998992919922,27.64799919128418,28.47199935913086,27.941999435424805,24.81999969482422,22.701999282836915,20.91199951171875,36.0,46.0,38.0,25.0,17.0,18.0,6.0,15.0,24.0,24.0,23.0,24.0,60.0,64.0,56.0,51.0,43.0,36.0,21.0,29.0,42.0,47.0,50.0,47.0,40.0,34.0,31.0,29.0,23.0,16.0,4.0,10.0,22.0,28.0,36.0,30.0,5.0,5.0,26.0,32.0,41.0,55.0,61.0,58.0,45.0,33.0,24.0,27.0,65.0,69.0,82.0,83.0,84.0,91.0,82.0,87.0,87.0,80.0,74.0,74.0,34.7975,-83.2678
90,GHCND:USC00386153,2.3,1.83,0.6,0.75,2.79,0.33,0.8,2.02,1.49,10.0,2.5,1.03,21.933999252319335,21.48999938964844,20.82400016784668,21.333999633789062,23.75599937438965,27.471998977661134,28.145999145507812,28.49799919128418,27.71599922180176,24.945999526977538,23.65399932861328,22.423999786376953,24.0,33.0,25.0,12.0,17.0,20.0,16.0,8.0,18.0,16.0,17.0,30.0,56.0,54.0,49.0,36.0,38.0,34.0,31.0,26.0,36.0,45.0,49.0,46.0,37.0,37.0,33.0,24.0,21.0,15.0,10.0,10.0,23.0,24.0,37.0,36.0,15.0,13.0,26.0,42.0,50.0,64.0,68.0,66.0,54.0,40.0,31.0,29.0,71.0,67.0,75.0,78.0,88.0,98.0,99.0,92.0,90.0,85.0,80.0,75.0,33.7544,-78.8219
91,GHCND:USC00388188,1.0,1.1,0.72,2.0,1.4,1.63,1.85,0.5,1.71,2.0,3.17,2.77,21.49199981689453,21.125999450683594,20.157999420166014,20.46199951171875,23.21599922180176,27.011999130249023,27.777999496459962,28.48799934387207,27.87799949645996,24.76399955749512,22.817999649047852,21.147999572753907,38.0,35.0,38.0,33.0,16.0,20.0,16.0,15.0,29.0,29.0,25.0,25.0,62.0,61.0,63.0,58.0,50.0,39.0,37.0,40.0,51.0,51.0,51.0,52.0,40.0,41.0,36.0,39.0,25.0,14.0,12.0,15.0,27.0,34.0,37.0,40.0,7.0,7.0,19.0,29.0,40.0,58.0,62.0,58.0,44.0,31.0,24.0,24.0,69.0,68.0,82.0,87.0,90.0,97.0,99.0,98.0,95.0,82.0,75.0,76.0,34.9077,-81.9138
92,GHCND:USC00388426,1.0,2.45,1.65,0.8,1.3,1.3,1.5,0.85,0.0,9.2,1.4,1.9,21.92799949645996,21.64399948120117,20.623999786376952,20.789999389648436,23.409999084472656,27.159999084472656,27.949999237060545,28.609999465942384,27.9359992980957,24.963999557495118,23.191999435424805,21.75799980163574,43.0,30.0,33.0,27.0,25.0,22.0,15.0,10.0,7.0,20.0,29.0,20.0,57.0,57.0,58.0,44.0,46.0,38.0,34.0,29.0,27.0,50.0,53.0,36.0,35.0,32.0,32.0,22.0,22.0,12.0,10.0,8.0,5.0,28.0,37.0,22.0,17.0,16.0,28.0,44.0,46.0,62.0,65.0,66.0,68.0,37.0,29.0,42.0,74.0,73.0,86.0,88.0,92.0,100.0,99.0,95.0,95.0,87.0,82.0,78.0,33.0366,-80.2325
93,GHCND:USC00388706,1.62,1.25,0.9,1.47,1.27,2.82,1.76,1.73,1.55,2.9,2.55,2.2,21.49199981689453,21.125999450683594,20.157999420166014,20.46199951171875,23.21599922180176,27.011999130249023,27.777999496459962,28.48799934387207,27.87799949645996,24.76399955749512,22.817999649047852,21.147999572753907,,,,,,,,,,,,,,,,,,,,,,,,,,,,,,,,,,,,,,,,,,,,,,,,,,,,,,,,,,,,,34.9838,-82.3997
94,GHCND:USC00388887,2.15,1.3,0.88,1.0,0.98,1.22,0.91,2.05,1.44,2.77,2.38,2.34,21.43599967956543,20.99599952697754,20.001999282836913,20.357999420166017,23.135999298095705,26.855998992919922,27.64799919128418,28.47199935913086,27.941999435424805,24.81999969482422,22.701999282836915,20.91199951171875,39.0,41.0,41.0,31.0,17.0,19.0,16.0,22.0,27.0,25.0,25.0,25.0,61.0,61.0,65.0,57.0,48.0,39.0,33.0,40.0,47.0,49.0,52.0,52.0,39.0,32.0,34.0,31.0,23.0,11.0,7.0,12.0,23.0,30.0,40.0,41.0,8.0,7.0,22.0,32.0,42.0,58.0,64.0,59.0,46.0,34.0,24.0,24.0,69.0,68.0,87.0,89.0,90.0,97.0,97.0,99.0,93.0,83.0,76.0,76.0,34.7545,-83.0751
95,GHCND:USC00389412,0.9,0.93,0.85,2.0,0.7,2.0,0.88,0.6,1.1,3.7,2.2,2.3,21.49199981689453,21.125999450683594,20.157999420166014,20.46199951171875,23.21599922180176,27.011999130249023,27.777999496459962,28.48799934387207,27.87799949645996,24.76399955749512,22.817999649047852,21.147999572753907,,,,,,,,,,,,,,,,,,,,,,,,,,,,,,,,,,,,,,,,,,,,,,,,,,,,,,,,,,,,,34.7636,-82.1061
96,GHCND:USW00013782,1.52,1.28,0.99,1.24,1.23,1.47,0.97,2.56,0.68,9.25,3.5,1.02,22.12799949645996,21.79599952697754,20.6939998626709,20.87799949645996,23.47199935913086,27.091999053955078,27.903998947143556,28.649999618530273,28.057999420166016,25.187999725341797,23.317999267578124,21.883999633789063,36.0,36.0,38.0,24.0,21.0,17.0,12.0,10.0,15.0,18.0,29.0,29.0,50.0,49.0,47.0,35.0,35.0,27.0,25.0,18.0,24.0,29.0,39.0,52.0,41.0,28.0,22.0,16.0,21.0,14.0,9.0,8.0,12.0,17.0,28.0,41.0,22.0,23.0,37.0,53.0,55.0,68.0,71.0,72.0,66.0,52.0,43.0,30.0,72.0,72.0,84.0,88.0,90.0,95.0,96.0,90.0,90.0,81.0,82.0,82.0,32.775,-79.9239
97,GHCND:USW00093718,1.36,0.81,0.4,1.02,5.14,1.2,1.4,1.84,2.01,7.88,2.11,0.89,21.933999252319335,21.48999938964844,20.82400016784668,21.333999633789062,23.75599937438965,27.471998977661134,28.145999145507812,28.49799919128418,27.71599922180176,24.945999526977538,23.65399932861328,22.423999786376953,39.0,33.0,38.0,11.0,19.0,20.0,12.0,9.0,16.0,20.0,31.0,27.0,54.0,52.0,57.0,33.0,38.0,31.0,28.0,23.0,34.0,44.0,51.0,48.0,44.0,35.0,33.0,23.0,25.0,16.0,11.0,11.0,21.0,32.0,37.0,39.0,17.0,15.0,27.0,43.0,50.0,66.0,69.0,67.0,56.0,38.0,30.0,29.0,71.0,67.0,84.0,76.0,88.0,97.0,97.0,90.0,90.0,82.0,81.0,77.0,33.81167,-78.72389
