,STATION,PRCP1,PRCP2,PRCP3,PRCP4,PRCP5,PRCP6,PRCP7,PRCP8,PRCP9,PRCP10,PRCP11,PRCP12,PRCP13,PRCP14,PRCP15,PRCP16,PRCP17,PRCP18,PRCP19,PRCP20,PRCP21,PRCP22,PRCP23,PRCP24,PRCP25,PRCP26,PRCP27,PRCP28,PRCP29,PRCP30,PRCP31,PRCP32,PRCP33,PRCP34,PRCP35,PRCP36,PRCP37,PRCP38,PRCP39,PRCP40,PRCP41,PRCP42,PRCP43,PRCP44,PRCP45,PRCP46,PRCP47,PRCP48,PRCP49,PRCP50,PRCP51,PRCP52,PRCP53,PRCP54,PRCP55,PRCP56,PRCP57,PRCP58,PRCP59,PRCP60,SST1,SST2,SST3,SST4,SST5,SST6,SST7,SST8,SST9,SST10,SST11,SST12,SST13,SST14,SST15,SST16,SST17,SST18,SST19,SST20,SST21,SST22,SST23,SST24,SST25,SST26,SST27,SST28,SST29,SST30,SST31,SST32,SST33,SST34,SST35,SST36,SST37,SST38,SST39,SST40,SST41,SST42,SST43,SST44,SST45,SST46,SST47,SST48,SST49,SST50,SST51,SST52,SST53,SST54,SST55,SST56,SST57,SST58,SST59,SST60,RANGE_HIGH1,RANGE_HIGH2,RANGE_HIGH3,RANGE_HIGH4,RANGE_HIGH5,RANGE_HIGH6,RANGE_HIGH7,RANGE_HIGH8,RANGE_HIGH9,RANGE_HIGH10,RANGE_HIGH11,RANGE_HIGH12,RANGE_HIGH13,RANGE_HIGH14,RANGE_HIGH15,RANGE_HIGH16,RANGE_HIGH17,RANGE_HIGH18,RANGE_HIGH19,RANGE_HIGH20,RANGE_HIGH21,RANGE_HIGH22,RANGE_HIGH23,RANGE_HIGH24,RANGE_HIGH25,RANGE_HIGH26,RANGE_HIGH27,RANGE_HIGH28,RANGE_HIGH29,RANGE_HIGH30,RANGE_HIGH31,RANGE_HIGH32,RANGE_HIGH33,RANGE_HIGH34,RANGE_HIGH35,RANGE_HIGH36,RANGE_HIGH37,RANGE_HIGH38,RANGE_HIGH39,RANGE_HIGH40,RANGE_HIGH41,RANGE_HIGH42,RANGE_HIGH43,RANGE_HIGH44,RANGE_HIGH45,RANGE_HIGH46,RANGE_HIGH47,RANGE_HIGH48,RANGE_HIGH49,RANGE_HIGH50,RANGE_HIGH51,RANGE_HIGH52,RANGE_HIGH53,RANGE_HIGH54,RANGE_HIGH55,RANGE_HIGH56,RANGE_HIGH57,RANGE_HIGH58,RANGE_HIGH59,RANGE_HIGH60,RANGE_OVERALL1,RANGE_OVERALL2,RANGE_OVERALL3,RANGE_OVERALL4,RANGE_OVERALL5,RANGE_OVERALL6,RANGE_OVERALL7,RANGE_OVERALL8,RANGE_OVERALL9,RANGE_OVERALL10,RANGE_OVERALL11,RANGE_OVERALL12,RANGE_OVERALL13,RANGE_OVERALL14,RANGE_OVERALL15,RANGE_OVERALL16,RANGE_OVERALL17,RANGE_OVERALL18,RANGE_OVERALL19,RANGE_OVERALL20,RANGE_OVERALL21,RANGE_OVERALL22,RANGE_OVERALL23,RANGE_OVERALL24,RANGE_OVERALL25,RANGE_OVERALL26,RANGE_OVERALL27,RANGE_OVERALL28,RANGE_OVERALL29,RANGE_OVERALL30,RANGE_OVERALL31,RANGE_OVERALL32,RANGE_OVERALL33,RANGE_OVERALL34,RANGE_OVERALL35,RANGE_OVERALL36,RANGE_OVERALL37,RANGE_OVERALL38,RANGE_OVERALL39,RANGE_OVERALL40,RANGE_OVERALL41,RANGE_OVERALL42,RANGE_OVERALL43,RANGE_OVERALL44,RANGE_OVERALL45,RANGE_OVERALL46,RANGE_OVERALL47,RANGE_OVERALL48,RANGE_OVERALL49,RANGE_OVERALL50,RANGE_OVERALL51,RANGE_OVERALL52,RANGE_OVERALL53,RANGE_OVERALL54,RANGE_OVERALL55,RANGE_OVERALL56,RANGE_OVERALL57,RANGE_OVERALL58,RANGE_OVERALL59,RANGE_OVERALL60,RANGE_LOW1,RANGE_LOW2,RANGE_LOW3,RANGE_LOW4,RANGE_LOW5,RANGE_LOW6,RANGE_LOW7,RANGE_LOW8,RANGE_LOW9,RANGE_LOW10,RANGE_LOW11,RANGE_LOW12,RANGE_LOW13,RANGE_LOW14,RANGE_LOW15,RANGE_LOW16,RANGE_LOW17,RANGE_LOW18,RANGE_LOW19,RANGE_LOW20,RANGE_LOW21,RANGE_LOW22,RANGE_LOW23,RANGE_LOW24,RANGE_LOW25,RANGE_LOW26,RANGE_LOW27,RANGE_LOW28,RANGE_LOW29,RANGE_LOW30,RANGE_LOW31,RANGE_LOW32,RANGE_LOW33,RANGE_LOW34,RANGE_LOW35,RANGE_LOW36,RANGE_LOW37,RANGE_LOW38,RANGE_LOW39,RANGE_LOW40,RANGE_LOW41,RANGE_LOW42,RANGE_LOW43,RANGE_LOW44,RANGE_LOW45,RANGE_LOW46,RANGE_LOW47,RANGE_LOW48,RANGE_LOW49,RANGE_LOW50,RANGE_LOW51,RANGE_LOW52,RANGE_LOW53,RANGE_LOW54,RANGE_LOW55,RANGE_LOW56,RANGE_LOW57,RANGE_LOW58,RANGE_LOW59,RANGE_LOW60,TMIN1,TMIN2,TMIN3,TMIN4,TMIN5,TMIN6,TMIN7,TMIN8,TMIN9,TMIN10,TMIN11,TMIN12,TMIN13,TMIN14,TMIN15,TMIN16,TMIN17,TMIN18,TMIN19,TMIN20,TMIN21,TMIN22,TMIN23,TMIN24,TMIN25,TMIN26,TMIN27,TMIN28,TMIN29,TMIN30,TMIN31,TMIN32,TMIN33,TMIN34,TMIN35,TMIN36,TMIN37,TMIN38,TMIN39,TMIN40,TMIN41,TMIN42,TMIN43,TMIN44,TMIN45,TMIN46,TMIN47,TMIN48,TMIN49,TMIN50,TMIN51,TMIN52,TMIN53,TMIN54,TMIN55,TMIN56,TMIN57,TMIN58,TMIN59,TMIN60,TMAX1,TMAX2,TMAX3,TMAX4,TMAX5,TMAX6,TMAX7,TMAX8,TMAX9,TMAX10,TMAX11,TMAX12,TMAX13,TMAX14,TMAX15,TMAX16,TMAX17,TMAX18,TMAX19,TMAX20,TMAX21,TMAX22,TMAX23,TMAX24,TMAX25,TMAX26,TMAX27,TMAX28,TMAX29,TMAX30,TMAX31,TMAX32,TMAX33,TMAX34,TMAX35,TMAX36,TMAX37,TMAX38,TMAX39,TMAX40,TMAX41,TMAX42,TMAX43,TMAX44,TMAX45,TMAX46,TMAX47,TMAX48,TMAX49,TMAX50,TMAX51,TMAX52,TMAX53,TMAX54,TMAX55,TMAX56,TMAX57,TMAX58,TMAX59,TMAX60,LATITUDE,LONGITUDE
0,GHCND:US1SCBK0016,0.49,1.12,1.58,0.85,0.44,1.6,1.59,3.31,1.05,0.82,0.9,0.38,0.3,1.38,3.26,1.5,2.25,2.8,1.29,1.72,1.29,0.73,0.77,0.9,0.18,1.89,3.24,1.55,1.04,1.58,3.6,2.08,0.57,0.57,2.11,0.93,0.72,0.54,1.12,2.45,2.14,1.57,1.67,1.02,1.63,0.72,1.83,1.29,1.97,2.17,1.5,0.8,1.31,3.69,1.16,1.96,2.19,6.67,1.83,0.85,19.617999649047853,18.39599952697754,18.425999450683594,20.003999710083008,22.88799934387207,26.767998886108398,28.01399955749512,28.731999588012695,27.967999267578126,25.099999237060548,21.3299991607666,20.73399963378906,19.179999542236327,19.01399955749512,20.293999862670898,21.133999633789063,23.963999557495118,25.753998947143554,28.09599952697754,28.04199981689453,27.47199935913086,25.527999877929688,21.707999420166015,22.39799919128418,21.82399978637695,20.77999954223633,19.71199951171875,19.557999038696288,22.405999374389648,26.10399932861328,27.259999465942382,28.131999588012697,27.463999557495118,24.733999252319336,21.943999099731446,21.481999588012695,20.02199935913086,20.61999931335449,21.75599899291992,21.255999755859374,22.901999282836915,25.969999694824217,28.149999618530273,28.725999069213866,28.463999557495118,25.23999938964844,21.457999420166015,21.02999954223633,21.92799949645996,21.64399948120117,20.623999786376952,20.789999389648436,23.409999084472656,27.159999084472656,27.949999237060545,28.609999465942384,27.9359992980957,24.963999557495118,23.191999435424805,21.75799980163574,,,,,,,,,,,,,,,,,,,,,,,,,,,,,,,,,,,,,,,,,,,,,,,,,,,,,,,,,,,,,,,,,,,,,,,,,,,,,,,,,,,,,,,,,,,,,,,,,,,,,,,,,,,,,,,,,,,,,,,,,,,,,,,,,,,,,,,,,,,,,,,,,,,,,,,,,,,,,,,,,,,,,,,,,,,,,,,,,,,,,,,,,,,,,,,,,,,,,,,,,,,,,,,,,,,,,,,,,,,,,,,,,,,,,,,,,,,,,,,,,,,,,,,,,,,,,,,,,,,,,,,,,,,,,,,,,,,,,,,,,,,,,,,,,,,,,,,,,,,,,33.0347,-80.135
1,GHCND:US1SCBK0017,0.84,0.91,0.99,1.66,0.43,1.29,1.51,4.46,0.8,0.77,0.96,0.5,0.27,1.27,3.31,0.94,1.68,3.87,0.66,1.55,0.82,0.65,0.68,0.97,0.37,2.54,1.98,1.45,1.13,1.85,6.53,1.62,0.71,0.4,2.2,0.97,0.53,0.17,1.12,2.61,1.58,2.2,1.14,1.6,2.36,1.3,2.09,0.9,1.9,2.28,1.35,0.81,1.38,3.13,1.11,3.49,1.51,7.62,1.21,0.56,19.617999649047853,18.39599952697754,18.425999450683594,20.003999710083008,22.88799934387207,26.767998886108398,28.01399955749512,28.731999588012695,27.967999267578126,25.099999237060548,21.3299991607666,20.73399963378906,19.179999542236327,19.01399955749512,20.293999862670898,21.133999633789063,23.963999557495118,25.753998947143554,28.09599952697754,28.04199981689453,27.47199935913086,25.527999877929688,21.707999420166015,22.39799919128418,21.82399978637695,20.77999954223633,19.71199951171875,19.557999038696288,22.405999374389648,26.10399932861328,27.259999465942382,28.131999588012697,27.463999557495118,24.733999252319336,21.943999099731446,21.481999588012695,20.02199935913086,20.61999931335449,21.75599899291992,21.255999755859374,22.901999282836915,25.969999694824217,28.149999618530273,28.725999069213866,28.463999557495118,25.23999938964844,21.457999420166015,21.02999954223633,21.92799949645996,21.64399948120117,20.623999786376952,20.789999389648436,23.409999084472656,27.159999084472656,27.949999237060545,28.609999465942384,27.9359992980957,24.963999557495118,23.191999435424805,21.75799980163574,,,,,,,,,,,,,,,,,,,,,,,,,,,,,,,,,,,,,,,,,,,,,,,,,,,,,,,,,,,,,,,,,,,,,,,,,,,,,,,,,,,,,,,,,,,,,,,,,,,,,,,,,,,,,,,,,,,,,,,,,,,,,,,,,,,,,,,,,,,,,,,,,,,,,,,,,,,,,,,,,,,,,,,,,,,,,,,,,,,,,,,,,,,,,,,,,,,,,,,,,,,,,,,,,,,,,,,,,,,,,,,,,,,,,,,,,,,,,,,,,,,,,,,,,,,,,,,,,,,,,,,,,,,,,,,,,,,,,,,,,,,,,,,,,,,,,,,,,,,,,33.0011,-80.0766
2,GHCND:US1SCBK0019,0.84,0.88,1.61,0.88,0.44,1.38,1.81,3.5,0.96,0.78,0.89,0.35,0.26,1.38,3.06,1.62,2.07,2.56,1.22,1.62,1.33,0.87,0.81,1.16,0.39,2.08,1.88,1.46,0.98,1.53,3.76,1.92,0.48,0.43,2.04,0.89,0.72,2.05,1.14,2.47,2.11,1.33,1.85,1.18,1.43,0.69,2.05,1.24,1.91,2.15,1.52,1.27,1.35,2.89,1.22,1.52,2.06,8.17,1.38,0.83,19.617999649047853,18.39599952697754,18.425999450683594,20.003999710083008,22.88799934387207,26.767998886108398,28.01399955749512,28.731999588012695,27.967999267578126,25.099999237060548,21.3299991607666,20.73399963378906,19.179999542236327,19.01399955749512,20.293999862670898,21.133999633789063,23.963999557495118,25.753998947143554,28.09599952697754,28.04199981689453,27.47199935913086,25.527999877929688,21.707999420166015,22.39799919128418,21.82399978637695,20.77999954223633,19.71199951171875,19.557999038696288,22.405999374389648,26.10399932861328,27.259999465942382,28.131999588012697,27.463999557495118,24.733999252319336,21.943999099731446,21.481999588012695,20.02199935913086,20.61999931335449,21.75599899291992,21.255999755859374,22.901999282836915,25.969999694824217,28.149999618530273,28.725999069213866,28.463999557495118,25.23999938964844,21.457999420166015,21.02999954223633,21.92799949645996,21.64399948120117,20.623999786376952,20.789999389648436,23.409999084472656,27.159999084472656,27.949999237060545,28.609999465942384,27.9359992980957,24.963999557495118,23.191999435424805,21.75799980163574,,,,,,,,,,,,,,,,,,,,,,,,,,,,,,,,,,,,,,,,,,,,,,,,,,,,,,,,,,,,,,,,,,,,,,,,,,,,,,,,,,,,,,,,,,,,,,,,,,,,,,,,,,,,,,,,,,,,,,,,,,,,,,,,,,,,,,,,,,,,,,,,,,,,,,,,,,,,,,,,,,,,,,,,,,,,,,,,,,,,,,,,,,,,,,,,,,,,,,,,,,,,,,,,,,,,,,,,,,,,,,,,,,,,,,,,,,,,,,,,,,,,,,,,,,,,,,,,,,,,,,,,,,,,,,,,,,,,,,,,,,,,,,,,,,,,,,,,,,,,,33.0377,-80.1259
3,GHCND:US1SCCR0004,0.58,0.86,1.12,0.84,0.29,0.7,2.35,2.15,0.97,0.58,1.55,0.2,0.14,1.54,3.29,0.38,1.01,1.78,1.19,4.45,0.04,0.35,0.64,1.21,0.25,1.83,3.87,1.87,0.88,3.15,2.65,2.75,2.41,0.69,0.9,0.75,0.84,1.13,3.4,3.72,1.49,0.82,2.03,3.65,3.19,0.89,1.24,1.24,1.3,2.19,1.63,1.07,0.78,1.11,0.94,2.91,1.32,6.99,3.02,0.98,19.617999649047853,18.39599952697754,18.425999450683594,20.003999710083008,22.88799934387207,26.767998886108398,28.01399955749512,28.731999588012695,27.967999267578126,25.099999237060548,21.3299991607666,20.73399963378906,19.179999542236327,19.01399955749512,20.293999862670898,21.133999633789063,23.963999557495118,25.753998947143554,28.09599952697754,28.04199981689453,27.47199935913086,25.527999877929688,21.707999420166015,22.39799919128418,21.82399978637695,20.77999954223633,19.71199951171875,19.557999038696288,22.405999374389648,26.10399932861328,27.259999465942382,28.131999588012697,27.463999557495118,24.733999252319336,21.943999099731446,21.481999588012695,20.02199935913086,20.61999931335449,21.75599899291992,21.255999755859374,22.901999282836915,25.969999694824217,28.149999618530273,28.725999069213866,28.463999557495118,25.23999938964844,21.457999420166015,21.02999954223633,21.92799949645996,21.64399948120117,20.623999786376952,20.789999389648436,23.409999084472656,27.159999084472656,27.949999237060545,28.609999465942384,27.9359992980957,24.963999557495118,23.191999435424805,21.75799980163574,,,,,,,,,,,,,,,,,,,,,,,,,,,,,,,,,,,,,,,,,,,,,,,,,,,,,,,,,,,,,,,,,,,,,,,,,,,,,,,,,,,,,,,,,,,,,,,,,,,,,,,,,,,,,,,,,,,,,,,,,,,,,,,,,,,,,,,,,,,,,,,,,,,,,,,,,,,,,,,,,,,,,,,,,,,,,,,,,,,,,,,,,,,,,,,,,,,,,,,,,,,,,,,,,,,,,,,,,,,,,,,,,,,,,,,,,,,,,,,,,,,,,,,,,,,,,,,,,,,,,,,,,,,,,,,,,,,,,,,,,,,,,,,,,,,,,,,,,,,,,32.8117,-79.8336
4,GHCND:US1SCCR0022,0.62,1.09,1.32,1.43,0.39,1.16,1.41,1.21,2.93,0.56,0.99,0.22,0.36,0.42,3.82,0.58,1.84,2.0,1.8,4.2,0.29,1.02,0.52,1.02,0.27,1.77,0.69,1.41,1.31,2.63,0.95,1.84,1.03,0.95,1.26,0.97,0.44,0.59,1.6,3.16,1.78,0.84,1.65,4.58,2.45,1.08,1.53,1.15,0.8,2.67,0.88,1.28,3.67,3.1,1.65,5.75,0.69,0.58,2.46,0.62,19.43799934387207,18.075999450683593,18.20599937438965,19.907999801635743,22.915999603271484,26.811999130249024,27.999999618530275,28.72199935913086,28.01399955749512,25.11399917602539,21.391999435424804,20.63599967956543,18.929999542236327,18.70599937438965,20.043999862670898,21.06999969482422,23.90199966430664,25.719998931884767,28.067999649047852,27.97599983215332,27.455998992919923,25.549999618530272,21.649999618530273,22.325999069213868,21.817999649047852,20.597999572753906,19.405999374389648,19.381998825073243,22.343999481201173,26.115999221801758,27.179999160766602,28.14399948120117,27.507999420166016,24.765999221801756,21.855999374389647,21.179999542236327,19.939999389648438,20.679999160766602,21.53999900817871,20.953999710083007,22.81399917602539,26.003999710083008,28.21199951171875,28.795999145507814,28.449999618530274,25.259999465942382,21.483999252319336,21.01399955749512,21.87199935913086,21.51399955749512,20.46799964904785,20.6859992980957,23.3299991607666,27.003998947143554,27.819998931884765,28.593999481201173,27.999999237060546,25.019999694824218,23.075999069213868,21.521999740600585,,,,,,,,,,,,,,,,,,,,,,,,,,,,,,,,,,,,,,,,,,,,,,,,,,,,,,,,,,,,,,,,,,,,,,,,,,,,,,,,,,,,,,,,,,,,,,,,,,,,,,,,,,,,,,,,,,,,,,,,,,,,,,,,,,,,,,,,,,,,,,,,,,,,,,,,,,,,,,,,,,,,,,,,,,,,,,,,,,,,,,,,,,,,,,,,,,,,,,,,,,,,,,,,,,,,,,,,,,,,,,,,,,,,,,,,,,,,,,,,,,,,,,,,,,,,,,,,,,,,,,,,,,,,,,,,,,,,,,,,,,,,,,,,,,,,,,,,,,,,,32.806999999999995,-80.08
5,GHCND:US1SCCR0026,0.59,0.85,1.06,1.32,0.43,1.08,2.69,1.54,1.01,1.16,1.69,0.2,0.22,1.49,0.46,0.31,0.92,0.91,2.02,3.41,1.02,0.47,0.82,0.97,0.31,1.96,2.08,1.68,1.31,2.66,2.65,3.26,1.74,1.06,1.14,0.75,0.86,1.01,2.54,3.79,1.8,0.99,1.74,3.16,2.26,0.76,1.51,0.99,1.38,2.44,1.41,1.12,0.93,1.17,0.95,2.36,1.79,7.94,2.05,1.17,19.617999649047853,18.39599952697754,18.425999450683594,20.003999710083008,22.88799934387207,26.767998886108398,28.01399955749512,28.731999588012695,27.967999267578126,25.099999237060548,21.3299991607666,20.73399963378906,19.179999542236327,19.01399955749512,20.293999862670898,21.133999633789063,23.963999557495118,25.753998947143554,28.09599952697754,28.04199981689453,27.47199935913086,25.527999877929688,21.707999420166015,22.39799919128418,21.82399978637695,20.77999954223633,19.71199951171875,19.557999038696288,22.405999374389648,26.10399932861328,27.259999465942382,28.131999588012697,27.463999557495118,24.733999252319336,21.943999099731446,21.481999588012695,20.02199935913086,20.61999931335449,21.75599899291992,21.255999755859374,22.901999282836915,25.969999694824217,28.149999618530273,28.725999069213866,28.463999557495118,25.23999938964844,21.457999420166015,21.02999954223633,21.92799949645996,21.64399948120117,20.623999786376952,20.789999389648436,23.409999084472656,27.159999084472656,27.949999237060545,28.609999465942384,27.9359992980957,24.963999557495118,23.191999435424805,21.75799980163574,,,,,,,,,,,,,,,,,,,,,,,,,,,,,,,,,,,,,,,,,,,,,,,,,,,,,,,,,,,,,,,,,,,,,,,,,,,,,,,,,,,,,,,,,,,,,,,,,,,,,,,,,,,,,,,,,,,,,,,,,,,,,,,,,,,,,,,,,,,,,,,,,,,,,,,,,,,,,,,,,,,,,,,,,,,,,,,,,,,,,,,,,,,,,,,,,,,,,,,,,,,,,,,,,,,,,,,,,,,,,,,,,,,,,,,,,,,,,,,,,,,,,,,,,,,,,,,,,,,,,,,,,,,,,,,,,,,,,,,,,,,,,,,,,,,,,,,,,,,,,32.8567,-79.8058
6,GHCND:US1SCCR0030,0.57,0.97,1.01,0.88,0.52,1.88,2.01,2.95,0.65,0.77,0.85,0.38,0.19,1.25,3.37,0.77,1.52,1.74,2.98,1.43,0.35,1.05,0.46,0.83,0.32,1.86,1.84,1.39,1.26,4.04,2.0,1.69,0.99,0.78,1.61,0.94,0.72,1.14,1.57,2.83,1.58,1.82,1.82,1.67,1.65,1.81,1.43,0.95,0.54,2.49,1.27,0.72,1.74,4.1,1.57,5.48,1.49,9.47,1.82,0.63,19.617999649047853,18.39599952697754,18.425999450683594,20.003999710083008,22.88799934387207,26.767998886108398,28.01399955749512,28.731999588012695,27.967999267578126,25.099999237060548,21.3299991607666,20.73399963378906,19.179999542236327,19.01399955749512,20.293999862670898,21.133999633789063,23.963999557495118,25.753998947143554,28.09599952697754,28.04199981689453,27.47199935913086,25.527999877929688,21.707999420166015,22.39799919128418,21.82399978637695,20.77999954223633,19.71199951171875,19.557999038696288,22.405999374389648,26.10399932861328,27.259999465942382,28.131999588012697,27.463999557495118,24.733999252319336,21.943999099731446,21.481999588012695,20.02199935913086,20.61999931335449,21.75599899291992,21.255999755859374,22.901999282836915,25.969999694824217,28.149999618530273,28.725999069213866,28.463999557495118,25.23999938964844,21.457999420166015,21.02999954223633,21.92799949645996,21.64399948120117,20.623999786376952,20.789999389648436,23.409999084472656,27.159999084472656,27.949999237060545,28.609999465942384,27.9359992980957,24.963999557495118,23.191999435424805,21.75799980163574,,,,,,,,,,,,,,,,,,,,,,,,,,,,,,,,,,,,,,,,,,,,,,,,,,,,,,,,,,,,,,,,,,,,,,,,,,,,,,,,,,,,,,,,,,,,,,,,,,,,,,,,,,,,,,,,,,,,,,,,,,,,,,,,,,,,,,,,,,,,,,,,,,,,,,,,,,,,,,,,,,,,,,,,,,,,,,,,,,,,,,,,,,,,,,,,,,,,,,,,,,,,,,,,,,,,,,,,,,,,,,,,,,,,,,,,,,,,,,,,,,,,,,,,,,,,,,,,,,,,,,,,,,,,,,,,,,,,,,,,,,,,,,,,,,,,,,,,,,,,,32.9591,-80.0606
7,GHCND:US1SCCR0032,0.72,0.96,1.36,0.68,0.84,0.97,1.65,1.83,0.89,0.9,0.71,0.33,0.35,1.42,3.73,1.66,1.69,1.54,0.9,2.72,0.64,0.9,0.47,0.89,0.24,2.35,1.95,1.29,0.5,5.94,2.89,2.96,2.04,0.79,2.0,0.85,0.56,0.86,0.94,2.78,2.1,1.51,1.61,2.99,3.27,1.32,1.55,1.02,1.76,2.52,0.93,0.23,0.66,3.98,0.77,1.41,3.8,5.39,1.59,0.72,19.405999374389648,17.983999252319336,18.12199935913086,19.857999801635742,22.909999465942384,26.789999389648436,27.977999877929687,28.719999313354492,28.06199951171875,25.171998977661133,21.479999542236328,20.61999969482422,18.841999435424803,18.583999252319337,19.961999893188477,21.071999740600585,23.87799949645996,25.703998947143553,28.03599967956543,27.92599983215332,27.44799919128418,25.57999954223633,21.641999816894533,22.31399917602539,21.83599967956543,20.521999740600585,19.27199935913086,19.3179988861084,22.31199951171875,26.075999069213868,27.11399917602539,28.133999633789063,27.525999450683592,24.82199897766113,21.89399948120117,21.075999450683593,19.965999603271484,20.741999053955077,21.40399932861328,20.775999450683592,22.765999221801756,25.979999542236328,28.23999938964844,28.8299991607666,28.45999984741211,25.313999557495116,21.543999481201173,21.005999755859374,21.849999618530273,21.465999603271484,20.383999633789063,20.62799949645996,23.285999298095703,26.935998916625977,27.769998931884764,28.57999954223633,28.039999389648436,25.067999649047852,23.033999252319337,21.441999435424805,,,,,,,,,,,,,,,,,,,,,,,,,,,,,,,,,,,,,,,,,,,,,,,,,,,,,,,,,,,,,,,,,,,,,,,,,,,,,,,,,,,,,,,,,,,,,,,,,,,,,,,,,,,,,,,,,,,,,,,,,,,,,,,,,,,,,,,,,,,,,,,,,,,,,,,,,,,,,,,,,,,,,,,,,,,,,,,,,,,,,,,,,,,,,,,,,,,,,,,,,,,,,,,,,,,,,,,,,,,,,,,,,,,,,,,,,,,,,,,,,,,,,,,,,,,,,,,,,,,,,,,,,,,,,,,,,,,,,,,,,,,,,,,,,,,,,,,,,,,,,32.7011,-80.2937
8,GHCND:US1SCCR0034,0.65,1.0,0.89,0.85,0.38,1.8,3.24,2.98,0.9,0.65,0.95,0.26,0.32,1.1,3.37,0.97,1.53,1.7,2.63,2.11,0.21,1.22,0.7,0.81,0.29,1.94,1.84,1.35,1.46,2.67,1.4,1.68,1.48,0.72,1.58,0.9,0.56,0.99,1.01,2.81,2.07,2.26,1.94,3.71,2.67,1.71,1.55,1.0,1.77,2.52,1.1,0.7,1.09,2.54,1.49,3.04,1.46,8.02,3.27,0.64,19.617999649047853,18.39599952697754,18.425999450683594,20.003999710083008,22.88799934387207,26.767998886108398,28.01399955749512,28.731999588012695,27.967999267578126,25.099999237060548,21.3299991607666,20.73399963378906,19.179999542236327,19.01399955749512,20.293999862670898,21.133999633789063,23.963999557495118,25.753998947143554,28.09599952697754,28.04199981689453,27.47199935913086,25.527999877929688,21.707999420166015,22.39799919128418,21.82399978637695,20.77999954223633,19.71199951171875,19.557999038696288,22.405999374389648,26.10399932861328,27.259999465942382,28.131999588012697,27.463999557495118,24.733999252319336,21.943999099731446,21.481999588012695,20.02199935913086,20.61999931335449,21.75599899291992,21.255999755859374,22.901999282836915,25.969999694824217,28.149999618530273,28.725999069213866,28.463999557495118,25.23999938964844,21.457999420166015,21.02999954223633,21.92799949645996,21.64399948120117,20.623999786376952,20.789999389648436,23.409999084472656,27.159999084472656,27.949999237060545,28.609999465942384,27.9359992980957,24.963999557495118,23.191999435424805,21.75799980163574,,,,,,,,,,,,,,,,,,,,,,,,,,,,,,,,,,,,,,,,,,,,,,,,,,,,,,,,,,,,,,,,,,,,,,,,,,,,,,,,,,,,,,,,,,,,,,,,,,,,,,,,,,,,,,,,,,,,,,,,,,,,,,,,,,,,,,,,,,,,,,,,,,,,,,,,,,,,,,,,,,,,,,,,,,,,,,,,,,,,,,,,,,,,,,,,,,,,,,,,,,,,,,,,,,,,,,,,,,,,,,,,,,,,,,,,,,,,,,,,,,,,,,,,,,,,,,,,,,,,,,,,,,,,,,,,,,,,,,,,,,,,,,,,,,,,,,,,,,,,,32.9322,-80.0736
9,GHCND:US1SCCR0042,0.67,0.87,1.18,1.76,0.47,2.21,2.42,0.68,1.0,0.94,0.97,0.19,0.25,1.4,3.5,0.56,1.2,2.42,1.28,5.39,0.76,0.35,0.57,0.81,0.17,1.94,2.61,1.0,1.26,2.77,0.91,3.85,2.07,0.52,1.35,0.44,0.82,0.73,2.31,2.93,0.73,1.06,1.22,1.8,2.46,0.55,1.87,1.12,1.06,2.35,1.06,1.06,1.4,1.82,1.3,1.63,0.9,6.77,1.57,0.67,19.75599937438965,18.483999252319336,18.56399917602539,20.147999572753907,23.035999298095703,26.78199920654297,27.999999618530275,28.753999328613283,28.073999404907227,25.317999267578124,21.651999282836915,20.897999954223632,19.25199966430664,19.033999252319337,20.368000030517578,21.297999572753906,24.043999481201173,25.803998947143555,28.08599967956543,28.023999786376955,27.55399932861328,25.719999694824217,21.88599967956543,22.5299991607666,21.987999725341798,20.85999984741211,19.751999282836913,19.71599884033203,22.53799934387207,26.131999206542968,27.20599937438965,28.18599967956543,27.563999557495116,24.961999130249023,22.21599922180176,21.53799934387207,20.257999420166016,20.927999114990236,21.751999282836913,21.14599952697754,22.975999069213866,25.99599952697754,28.191999435424805,28.809999084472658,28.533999633789062,25.463999557495118,21.823999404907227,21.28599967956543,22.12799949645996,21.79599952697754,20.6939998626709,20.87799949645996,23.47199935913086,27.091999053955078,27.903998947143556,28.649999618530273,28.057999420166016,25.187999725341797,23.317999267578124,21.883999633789063,,,,,,,,,,,,,,,,,,,,,,,,,,,,,,,,,,,,,,,,,,,,,,,,,,,,,,,,,,,,,,,,,,,,,,,,,,,,,,,,,,,,,,,,,,,,,,,,,,,,,,,,,,,,,,,,,,,,,,,,,,,,,,,,,,,,,,,,,,,,,,,,,,,,,,,,,,,,,,,,,,,,,,,,,,,,,,,,,,,,,,,,,,,,,,,,,,,,,,,,,,,,,,,,,,,,,,,,,,,,,,,,,,,,,,,,,,,,,,,,,,,,,,,,,,,,,,,,,,,,,,,,,,,,,,,,,,,,,,,,,,,,,,,,,,,,,,,,,,,,,32.8103,-79.9569
10,GHCND:US1SCCR0045,0.64,1.3,0.58,2.72,0.24,1.01,1.69,2.05,1.31,0.86,0.51,0.14,0.3,1.54,3.5,0.65,2.53,1.93,0.87,3.33,0.8,0.65,0.38,0.97,0.23,1.93,3.55,0.66,0.44,3.22,0.69,0.63,1.33,1.07,2.2,0.84,0.58,0.58,1.58,0.83,1.45,2.16,0.89,3.35,1.3,0.93,2.13,1.25,2.16,2.81,0.8,1.35,4.02,2.14,2.38,4.06,1.42,3.83,3.43,0.81,19.43799934387207,18.075999450683593,18.20599937438965,19.907999801635743,22.915999603271484,26.811999130249024,27.999999618530275,28.72199935913086,28.01399955749512,25.11399917602539,21.391999435424804,20.63599967956543,18.929999542236327,18.70599937438965,20.043999862670898,21.06999969482422,23.90199966430664,25.719998931884767,28.067999649047852,27.97599983215332,27.455998992919923,25.549999618530272,21.649999618530273,22.325999069213868,21.817999649047852,20.597999572753906,19.405999374389648,19.381998825073243,22.343999481201173,26.115999221801758,27.179999160766602,28.14399948120117,27.507999420166016,24.765999221801756,21.855999374389647,21.179999542236327,19.939999389648438,20.679999160766602,21.53999900817871,20.953999710083007,22.81399917602539,26.003999710083008,28.21199951171875,28.795999145507814,28.449999618530274,25.259999465942382,21.483999252319336,21.01399955749512,21.87199935913086,21.51399955749512,20.46799964904785,20.6859992980957,23.3299991607666,27.003998947143554,27.819998931884765,28.593999481201173,27.999999237060546,25.019999694824218,23.075999069213868,21.521999740600585,,,,,,,,,,,,,,,,,,,,,,,,,,,,,,,,,,,,,,,,,,,,,,,,,,,,,,,,,,,,,,,,,,,,,,,,,,,,,,,,,,,,,,,,,,,,,,,,,,,,,,,,,,,,,,,,,,,,,,,,,,,,,,,,,,,,,,,,,,,,,,,,,,,,,,,,,,,,,,,,,,,,,,,,,,,,,,,,,,,,,,,,,,,,,,,,,,,,,,,,,,,,,,,,,,,,,,,,,,,,,,,,,,,,,,,,,,,,,,,,,,,,,,,,,,,,,,,,,,,,,,,,,,,,,,,,,,,,,,,,,,,,,,,,,,,,,,,,,,,,,32.8352,-80.07300000000002
11,GHCND:US1SCCR0051,0.64,0.89,0.91,1.26,0.32,0.84,2.13,1.49,1.06,1.09,1.43,0.21,0.24,1.64,3.41,0.34,1.27,1.96,1.13,0.76,1.74,0.41,0.65,1.17,0.23,1.98,4.13,1.78,1.61,3.69,2.4,3.13,2.24,0.68,1.23,0.93,0.81,0.84,2.52,3.36,1.1,0.82,1.4,2.5,3.98,1.0,1.25,1.23,1.19,2.55,2.22,1.22,1.28,1.18,1.34,3.21,0.73,6.75,3.15,1.15,19.75599937438965,18.483999252319336,18.56399917602539,20.147999572753907,23.035999298095703,26.78199920654297,27.999999618530275,28.753999328613283,28.073999404907227,25.317999267578124,21.651999282836915,20.897999954223632,19.25199966430664,19.033999252319337,20.368000030517578,21.297999572753906,24.043999481201173,25.803998947143555,28.08599967956543,28.023999786376955,27.55399932861328,25.719999694824217,21.88599967956543,22.5299991607666,21.987999725341798,20.85999984741211,19.751999282836913,19.71599884033203,22.53799934387207,26.131999206542968,27.20599937438965,28.18599967956543,27.563999557495116,24.961999130249023,22.21599922180176,21.53799934387207,20.257999420166016,20.927999114990236,21.751999282836913,21.14599952697754,22.975999069213866,25.99599952697754,28.191999435424805,28.809999084472658,28.533999633789062,25.463999557495118,21.823999404907227,21.28599967956543,22.12799949645996,21.79599952697754,20.6939998626709,20.87799949645996,23.47199935913086,27.091999053955078,27.903998947143556,28.649999618530273,28.057999420166016,25.187999725341797,23.317999267578124,21.883999633789063,,,,,,,,,,,,,,,,,,,,,,,,,,,,,,,,,,,,,,,,,,,,,,,,,,,,,,,,,,,,,,,,,,,,,,,,,,,,,,,,,,,,,,,,,,,,,,,,,,,,,,,,,,,,,,,,,,,,,,,,,,,,,,,,,,,,,,,,,,,,,,,,,,,,,,,,,,,,,,,,,,,,,,,,,,,,,,,,,,,,,,,,,,,,,,,,,,,,,,,,,,,,,,,,,,,,,,,,,,,,,,,,,,,,,,,,,,,,,,,,,,,,,,,,,,,,,,,,,,,,,,,,,,,,,,,,,,,,,,,,,,,,,,,,,,,,,,,,,,,,,32.8064,-79.8784
12,GHCND:US1SCCR0057,0.6,0.98,1.28,1.19,0.29,1.37,3.95,1.04,1.37,1.13,1.09,0.4,0.26,1.41,3.68,0.77,1.3,1.47,0.93,1.4,0.34,1.39,0.51,1.14,0.22,1.87,2.3,1.21,1.25,3.43,0.61,2.45,2.16,1.53,2.15,1.04,0.65,0.94,2.34,2.54,1.35,1.06,1.74,3.31,1.92,0.36,1.89,1.11,1.79,2.48,0.86,0.98,1.35,1.74,1.85,4.3,1.05,8.0,2.45,0.47,19.617999649047853,18.39599952697754,18.425999450683594,20.003999710083008,22.88799934387207,26.767998886108398,28.01399955749512,28.731999588012695,27.967999267578126,25.099999237060548,21.3299991607666,20.73399963378906,19.179999542236327,19.01399955749512,20.293999862670898,21.133999633789063,23.963999557495118,25.753998947143554,28.09599952697754,28.04199981689453,27.47199935913086,25.527999877929688,21.707999420166015,22.39799919128418,21.82399978637695,20.77999954223633,19.71199951171875,19.557999038696288,22.405999374389648,26.10399932861328,27.259999465942382,28.131999588012697,27.463999557495118,24.733999252319336,21.943999099731446,21.481999588012695,20.02199935913086,20.61999931335449,21.75599899291992,21.255999755859374,22.901999282836915,25.969999694824217,28.149999618530273,28.725999069213866,28.463999557495118,25.23999938964844,21.457999420166015,21.02999954223633,21.92799949645996,21.64399948120117,20.623999786376952,20.789999389648436,23.409999084472656,27.159999084472656,27.949999237060545,28.609999465942384,27.9359992980957,24.963999557495118,23.191999435424805,21.75799980163574,,,,,,,,,,,,,,,,,,,,,,,,,,,,,,,,,,,,,,,,,,,,,,,,,,,,,,,,,,,,,,,,,,,,,,,,,,,,,,,,,,,,,,,,,,,,,,,,,,,,,,,,,,,,,,,,,,,,,,,,,,,,,,,,,,,,,,,,,,,,,,,,,,,,,,,,,,,,,,,,,,,,,,,,,,,,,,,,,,,,,,,,,,,,,,,,,,,,,,,,,,,,,,,,,,,,,,,,,,,,,,,,,,,,,,,,,,,,,,,,,,,,,,,,,,,,,,,,,,,,,,,,,,,,,,,,,,,,,,,,,,,,,,,,,,,,,,,,,,,,,32.8794,-79.9899
13,GHCND:US1SCDC0003,0.79,0.98,1.03,0.99,0.34,2.51,2.68,3.76,0.94,0.63,0.92,0.23,0.26,0.39,3.34,0.95,1.33,1.91,2.44,2.14,0.37,1.35,0.51,0.83,0.27,1.92,1.71,1.41,1.52,2.92,1.51,1.64,1.64,0.7,1.66,0.91,0.58,0.96,1.03,2.77,2.09,2.58,1.74,4.38,2.49,1.74,1.62,1.02,1.73,2.47,1.08,0.68,1.01,2.53,1.52,3.45,1.38,8.21,3.49,0.64,19.617999649047853,18.39599952697754,18.425999450683594,20.003999710083008,22.88799934387207,26.767998886108398,28.01399955749512,28.731999588012695,27.967999267578126,25.099999237060548,21.3299991607666,20.73399963378906,19.179999542236327,19.01399955749512,20.293999862670898,21.133999633789063,23.963999557495118,25.753998947143554,28.09599952697754,28.04199981689453,27.47199935913086,25.527999877929688,21.707999420166015,22.39799919128418,21.82399978637695,20.77999954223633,19.71199951171875,19.557999038696288,22.405999374389648,26.10399932861328,27.259999465942382,28.131999588012697,27.463999557495118,24.733999252319336,21.943999099731446,21.481999588012695,20.02199935913086,20.61999931335449,21.75599899291992,21.255999755859374,22.901999282836915,25.969999694824217,28.149999618530273,28.725999069213866,28.463999557495118,25.23999938964844,21.457999420166015,21.02999954223633,21.92799949645996,21.64399948120117,20.623999786376952,20.789999389648436,23.409999084472656,27.159999084472656,27.949999237060545,28.609999465942384,27.9359992980957,24.963999557495118,23.191999435424805,21.75799980163574,,,,,,,,,,,,,,,,,,,,,,,,,,,,,,,,,,,,,,,,,,,,,,,,,,,,,,,,,,,,,,,,,,,,,,,,,,,,,,,,,,,,,,,,,,,,,,,,,,,,,,,,,,,,,,,,,,,,,,,,,,,,,,,,,,,,,,,,,,,,,,,,,,,,,,,,,,,,,,,,,,,,,,,,,,,,,,,,,,,,,,,,,,,,,,,,,,,,,,,,,,,,,,,,,,,,,,,,,,,,,,,,,,,,,,,,,,,,,,,,,,,,,,,,,,,,,,,,,,,,,,,,,,,,,,,,,,,,,,,,,,,,,,,,,,,,,,,,,,,,,32.9262,-80.084
14,GHCND:US1SCGT0001,0.59,1.07,1.19,1.45,1.01,0.75,1.85,1.9,0.75,1.03,1.71,0.12,0.28,1.04,3.07,2.6,1.19,1.22,4.57,1.51,0.62,0.33,0.72,0.6,0.36,1.05,2.07,1.59,0.85,1.76,2.14,1.69,0.76,0.85,1.78,1.19,0.68,0.78,2.47,2.4,0.75,1.83,1.79,4.47,1.15,0.4,1.3,1.58,2.61,1.86,0.89,1.66,1.58,3.48,3.23,4.18,0.71,2.7,1.75,0.95,19.617999649047853,18.39599952697754,18.425999450683594,20.003999710083008,22.88799934387207,26.767998886108398,28.01399955749512,28.731999588012695,27.967999267578126,25.099999237060548,21.3299991607666,20.73399963378906,19.179999542236327,19.01399955749512,20.293999862670898,21.133999633789063,23.963999557495118,25.753998947143554,28.09599952697754,28.04199981689453,27.47199935913086,25.527999877929688,21.707999420166015,22.39799919128418,21.82399978637695,20.77999954223633,19.71199951171875,19.557999038696288,22.405999374389648,26.10399932861328,27.259999465942382,28.131999588012697,27.463999557495118,24.733999252319336,21.943999099731446,21.481999588012695,20.02199935913086,20.61999931335449,21.75599899291992,21.255999755859374,22.901999282836915,25.969999694824217,28.149999618530273,28.725999069213866,28.463999557495118,25.23999938964844,21.457999420166015,21.02999954223633,21.92799949645996,21.64399948120117,20.623999786376952,20.789999389648436,23.409999084472656,27.159999084472656,27.949999237060545,28.609999465942384,27.9359992980957,24.963999557495118,23.191999435424805,21.75799980163574,,,,,,,,,,,,,,,,,,,,,,,,,,,,,,,,,,,,,,,,,,,,,,,,,,,,,,,,,,,,,,,,,,,,,,,,,,,,,,,,,,,,,,,,,,,,,,,,,,,,,,,,,,,,,,,,,,,,,,,,,,,,,,,,,,,,,,,,,,,,,,,,,,,,,,,,,,,,,,,,,,,,,,,,,,,,,,,,,,,,,,,,,,,,,,,,,,,,,,,,,,,,,,,,,,,,,,,,,,,,,,,,,,,,,,,,,,,,,,,,,,,,,,,,,,,,,,,,,,,,,,,,,,,,,,,,,,,,,,,,,,,,,,,,,,,,,,,,,,,,,33.4306,-79.2537
15,GHCND:US1SCGV0006,0.66,1.56,2.36,1.28,1.0,0.74,0.81,1.75,0.88,0.56,1.83,1.08,1.28,0.27,2.18,1.89,2.85,0.95,1.56,3.04,0.94,1.35,0.66,2.4,2.3,0.83,0.9,1.52,1.01,1.8,1.9,1.4,2.31,1.02,3.05,2.26,1.7,0.94,1.23,2.05,1.6,1.9,3.29,3.6,1.15,0.0,2.38,2.1,0.98,1.1,0.87,1.78,0.75,1.38,0.86,1.28,1.11,3.15,2.4,2.27,19.077999877929688,17.689999389648438,17.817999649047852,19.62599983215332,22.73199920654297,26.79799919128418,27.973999786376954,28.653999710083006,27.911999130249022,24.86399917602539,21.011999130249023,20.283999633789062,18.583999633789062,18.37799949645996,19.731999588012695,20.82999954223633,23.753999710083008,25.6239990234375,28.033999252319337,27.90199966430664,27.31199951171875,25.31999969482422,21.32199935913086,21.97799949645996,21.503999710083008,20.25599937438965,18.98399963378906,18.969999313354492,22.093999481201173,26.04799919128418,27.12799949645996,28.04199981689453,27.415999603271484,24.5299991607666,21.459999084472656,20.7879997253418,19.52199935913086,20.253999328613283,21.221998977661134,20.71799964904785,22.635999298095705,25.979999542236328,28.213999557495118,28.74799919128418,28.36199951171875,25.019999313354493,21.041999435424806,20.57999954223633,21.49199981689453,21.125999450683594,20.157999420166014,20.46199951171875,23.21599922180176,27.011999130249023,27.777999496459962,28.48799934387207,27.87799949645996,24.76399955749512,22.817999649047852,21.147999572753907,,,,,,,,,,,,,,,,,,,,,,,,,,,,,,,,,,,,,,,,,,,,,,,,,,,,,,,,,,,,,,,,,,,,,,,,,,,,,,,,,,,,,,,,,,,,,,,,,,,,,,,,,,,,,,,,,,,,,,,,,,,,,,,,,,,,,,,,,,,,,,,,,,,,,,,,,,,,,,,,,,,,,,,,,,,,,,,,,,,,,,,,,,,,,,,,,,,,,,,,,,,,,,,,,,,,,,,,,,,,,,,,,,,,,,,,,,,,,,,,,,,,,,,,,,,,,,,,,,,,,,,,,,,,,,,,,,,,,,,,,,,,,,,,,,,,,,,,,,,,,34.9515,-82.3366
16,GHCND:US1SCGV0009,0.6,1.54,2.25,1.24,1.04,0.68,0.91,2.51,1.78,0.5,1.72,1.03,1.07,0.31,0.81,1.5,0.41,0.89,1.86,2.74,0.47,1.46,0.62,0.77,2.2,0.9,0.85,2.31,2.62,2.54,2.66,0.99,2.45,1.08,2.9,2.2,1.57,0.87,1.48,1.15,1.55,2.19,3.53,4.11,0.94,1.64,2.47,1.73,1.46,1.06,0.84,1.31,0.53,0.76,0.55,0.74,1.15,3.24,2.41,1.87,19.077999877929688,17.689999389648438,17.817999649047852,19.62599983215332,22.73199920654297,26.79799919128418,27.973999786376954,28.653999710083006,27.911999130249022,24.86399917602539,21.011999130249023,20.283999633789062,18.583999633789062,18.37799949645996,19.731999588012695,20.82999954223633,23.753999710083008,25.6239990234375,28.033999252319337,27.90199966430664,27.31199951171875,25.31999969482422,21.32199935913086,21.97799949645996,21.503999710083008,20.25599937438965,18.98399963378906,18.969999313354492,22.093999481201173,26.04799919128418,27.12799949645996,28.04199981689453,27.415999603271484,24.5299991607666,21.459999084472656,20.7879997253418,19.52199935913086,20.253999328613283,21.221998977661134,20.71799964904785,22.635999298095705,25.979999542236328,28.213999557495118,28.74799919128418,28.36199951171875,25.019999313354493,21.041999435424806,20.57999954223633,21.49199981689453,21.125999450683594,20.157999420166014,20.46199951171875,23.21599922180176,27.011999130249023,27.777999496459962,28.48799934387207,27.87799949645996,24.76399955749512,22.817999649047852,21.147999572753907,,,,,,,,,,,,,,,,,,,,,,,,,,,,,,,,,,,,,,,,,,,,,,,,,,,,,,,,,,,,,,,,,,,,,,,,,,,,,,,,,,,,,,,,,,,,,,,,,,,,,,,,,,,,,,,,,,,,,,,,,,,,,,,,,,,,,,,,,,,,,,,,,,,,,,,,,,,,,,,,,,,,,,,,,,,,,,,,,,,,,,,,,,,,,,,,,,,,,,,,,,,,,,,,,,,,,,,,,,,,,,,,,,,,,,,,,,,,,,,,,,,,,,,,,,,,,,,,,,,,,,,,,,,,,,,,,,,,,,,,,,,,,,,,,,,,,,,,,,,,,34.9814,-82.3047
17,GHCND:US1SCGV0018,0.67,1.92,2.6,1.62,1.1,0.82,0.8,0.62,2.27,0.55,2.0,1.37,1.13,0.33,2.55,1.44,2.39,0.92,3.17,2.84,1.24,2.12,0.57,2.66,2.45,1.31,1.02,2.04,2.2,1.35,2.35,1.81,2.65,2.17,2.82,2.55,1.7,0.88,1.52,3.12,2.03,0.77,2.93,2.78,1.48,2.62,2.87,2.07,2.15,1.29,1.0,1.96,0.55,0.62,1.75,2.74,2.07,3.65,3.01,2.03,19.077999877929688,17.689999389648438,17.817999649047852,19.62599983215332,22.73199920654297,26.79799919128418,27.973999786376954,28.653999710083006,27.911999130249022,24.86399917602539,21.011999130249023,20.283999633789062,18.583999633789062,18.37799949645996,19.731999588012695,20.82999954223633,23.753999710083008,25.6239990234375,28.033999252319337,27.90199966430664,27.31199951171875,25.31999969482422,21.32199935913086,21.97799949645996,21.503999710083008,20.25599937438965,18.98399963378906,18.969999313354492,22.093999481201173,26.04799919128418,27.12799949645996,28.04199981689453,27.415999603271484,24.5299991607666,21.459999084472656,20.7879997253418,19.52199935913086,20.253999328613283,21.221998977661134,20.71799964904785,22.635999298095705,25.979999542236328,28.213999557495118,28.74799919128418,28.36199951171875,25.019999313354493,21.041999435424806,20.57999954223633,21.49199981689453,21.125999450683594,20.157999420166014,20.46199951171875,23.21599922180176,27.011999130249023,27.777999496459962,28.48799934387207,27.87799949645996,24.76399955749512,22.817999649047852,21.147999572753907,,,,,,,,,,,,,,,,,,,,,,,,,,,,,,,,,,,,,,,,,,,,,,,,,,,,,,,,,,,,,,,,,,,,,,,,,,,,,,,,,,,,,,,,,,,,,,,,,,,,,,,,,,,,,,,,,,,,,,,,,,,,,,,,,,,,,,,,,,,,,,,,,,,,,,,,,,,,,,,,,,,,,,,,,,,,,,,,,,,,,,,,,,,,,,,,,,,,,,,,,,,,,,,,,,,,,,,,,,,,,,,,,,,,,,,,,,,,,,,,,,,,,,,,,,,,,,,,,,,,,,,,,,,,,,,,,,,,,,,,,,,,,,,,,,,,,,,,,,,,,34.9594,-82.3973
18,GHCND:US1SCGV0027,0.71,1.56,1.82,1.21,1.05,0.83,1.12,1.22,1.96,0.68,1.76,1.16,1.09,0.38,2.13,0.97,2.49,1.11,1.72,3.21,0.71,2.14,0.61,2.16,2.12,0.91,0.92,1.95,1.99,1.57,1.92,1.32,2.2,1.39,2.31,2.32,0.35,0.82,1.3,1.55,2.07,2.46,2.96,3.4,1.44,2.05,2.3,2.1,1.1,1.09,0.73,1.54,0.89,0.89,0.28,1.35,1.62,3.36,2.41,2.45,19.077999877929688,17.689999389648438,17.817999649047852,19.62599983215332,22.73199920654297,26.79799919128418,27.973999786376954,28.653999710083006,27.911999130249022,24.86399917602539,21.011999130249023,20.283999633789062,18.583999633789062,18.37799949645996,19.731999588012695,20.82999954223633,23.753999710083008,25.6239990234375,28.033999252319337,27.90199966430664,27.31199951171875,25.31999969482422,21.32199935913086,21.97799949645996,21.503999710083008,20.25599937438965,18.98399963378906,18.969999313354492,22.093999481201173,26.04799919128418,27.12799949645996,28.04199981689453,27.415999603271484,24.5299991607666,21.459999084472656,20.7879997253418,19.52199935913086,20.253999328613283,21.221998977661134,20.71799964904785,22.635999298095705,25.979999542236328,28.213999557495118,28.74799919128418,28.36199951171875,25.019999313354493,21.041999435424806,20.57999954223633,21.49199981689453,21.125999450683594,20.157999420166014,20.46199951171875,23.21599922180176,27.011999130249023,27.777999496459962,28.48799934387207,27.87799949645996,24.76399955749512,22.817999649047852,21.147999572753907,,,,,,,,,,,,,,,,,,,,,,,,,,,,,,,,,,,,,,,,,,,,,,,,,,,,,,,,,,,,,,,,,,,,,,,,,,,,,,,,,,,,,,,,,,,,,,,,,,,,,,,,,,,,,,,,,,,,,,,,,,,,,,,,,,,,,,,,,,,,,,,,,,,,,,,,,,,,,,,,,,,,,,,,,,,,,,,,,,,,,,,,,,,,,,,,,,,,,,,,,,,,,,,,,,,,,,,,,,,,,,,,,,,,,,,,,,,,,,,,,,,,,,,,,,,,,,,,,,,,,,,,,,,,,,,,,,,,,,,,,,,,,,,,,,,,,,,,,,,,,34.9176,-82.3771
19,GHCND:US1SCLX0049,0.52,1.8,0.92,0.52,1.5,2.11,0.3,0.92,1.14,1.12,0.85,0.73,0.87,1.72,0.92,1.0,0.63,2.32,1.95,2.26,0.99,0.36,0.92,1.21,0.92,1.64,1.72,2.26,1.92,1.64,2.36,2.36,1.36,0.28,1.01,1.54,1.52,1.33,1.29,1.51,1.04,0.31,1.18,1.15,1.98,0.78,1.32,1.61,1.89,1.31,0.8,1.73,0.22,1.72,0.27,2.84,1.7,7.59,2.35,3.23,19.077999877929688,17.689999389648438,17.817999649047852,19.62599983215332,22.73199920654297,26.79799919128418,27.973999786376954,28.653999710083006,27.911999130249022,24.86399917602539,21.011999130249023,20.283999633789062,18.583999633789062,18.37799949645996,19.731999588012695,20.82999954223633,23.753999710083008,25.6239990234375,28.033999252319337,27.90199966430664,27.31199951171875,25.31999969482422,21.32199935913086,21.97799949645996,21.503999710083008,20.25599937438965,18.98399963378906,18.969999313354492,22.093999481201173,26.04799919128418,27.12799949645996,28.04199981689453,27.415999603271484,24.5299991607666,21.459999084472656,20.7879997253418,19.52199935913086,20.253999328613283,21.221998977661134,20.71799964904785,22.635999298095705,25.979999542236328,28.213999557495118,28.74799919128418,28.36199951171875,25.019999313354493,21.041999435424806,20.57999954223633,21.49199981689453,21.125999450683594,20.157999420166014,20.46199951171875,23.21599922180176,27.011999130249023,27.777999496459962,28.48799934387207,27.87799949645996,24.76399955749512,22.817999649047852,21.147999572753907,,,,,,,,,,,,,,,,,,,,,,,,,,,,,,,,,,,,,,,,,,,,,,,,,,,,,,,,,,,,,,,,,,,,,,,,,,,,,,,,,,,,,,,,,,,,,,,,,,,,,,,,,,,,,,,,,,,,,,,,,,,,,,,,,,,,,,,,,,,,,,,,,,,,,,,,,,,,,,,,,,,,,,,,,,,,,,,,,,,,,,,,,,,,,,,,,,,,,,,,,,,,,,,,,,,,,,,,,,,,,,,,,,,,,,,,,,,,,,,,,,,,,,,,,,,,,,,,,,,,,,,,,,,,,,,,,,,,,,,,,,,,,,,,,,,,,,,,,,,,,34.1464,-81.3427
20,GHCND:US1SCLX0051,0.44,1.79,0.85,0.55,1.48,1.86,0.32,0.87,1.2,1.03,0.98,0.56,0.94,1.76,0.87,0.95,0.64,2.31,1.85,2.69,1.04,0.47,0.95,1.35,0.94,1.38,1.75,2.36,1.89,1.83,2.28,2.57,1.47,0.38,1.03,1.52,1.48,0.5,1.25,1.62,0.99,0.64,1.36,0.94,1.77,0.85,1.25,1.72,2.01,1.26,0.77,1.75,0.61,1.66,1.82,2.66,1.71,7.62,2.28,3.03,19.077999877929688,17.689999389648438,17.817999649047852,19.62599983215332,22.73199920654297,26.79799919128418,27.973999786376954,28.653999710083006,27.911999130249022,24.86399917602539,21.011999130249023,20.283999633789062,18.583999633789062,18.37799949645996,19.731999588012695,20.82999954223633,23.753999710083008,25.6239990234375,28.033999252319337,27.90199966430664,27.31199951171875,25.31999969482422,21.32199935913086,21.97799949645996,21.503999710083008,20.25599937438965,18.98399963378906,18.969999313354492,22.093999481201173,26.04799919128418,27.12799949645996,28.04199981689453,27.415999603271484,24.5299991607666,21.459999084472656,20.7879997253418,19.52199935913086,20.253999328613283,21.221998977661134,20.71799964904785,22.635999298095705,25.979999542236328,28.213999557495118,28.74799919128418,28.36199951171875,25.019999313354493,21.041999435424806,20.57999954223633,21.49199981689453,21.125999450683594,20.157999420166014,20.46199951171875,23.21599922180176,27.011999130249023,27.777999496459962,28.48799934387207,27.87799949645996,24.76399955749512,22.817999649047852,21.147999572753907,,,,,,,,,,,,,,,,,,,,,,,,,,,,,,,,,,,,,,,,,,,,,,,,,,,,,,,,,,,,,,,,,,,,,,,,,,,,,,,,,,,,,,,,,,,,,,,,,,,,,,,,,,,,,,,,,,,,,,,,,,,,,,,,,,,,,,,,,,,,,,,,,,,,,,,,,,,,,,,,,,,,,,,,,,,,,,,,,,,,,,,,,,,,,,,,,,,,,,,,,,,,,,,,,,,,,,,,,,,,,,,,,,,,,,,,,,,,,,,,,,,,,,,,,,,,,,,,,,,,,,,,,,,,,,,,,,,,,,,,,,,,,,,,,,,,,,,,,,,,,34.1456,-81.3482
21,GHCND:US1SCOC0007,0.94,1.47,2.66,1.42,0.41,1.07,1.1,0.2,1.13,0.84,1.56,1.32,1.03,0.41,1.64,0.94,3.35,1.01,1.88,1.77,0.97,1.52,0.28,2.44,2.42,1.68,1.66,2.02,1.87,2.07,3.74,2.34,1.28,1.17,1.98,2.35,2.17,0.98,1.22,2.67,2.52,1.15,1.6,1.73,0.89,2.75,2.84,1.77,2.08,1.15,0.79,0.8,0.75,2.67,0.61,2.28,2.46,2.4,2.58,2.87,18.897999572753907,17.36999931335449,17.597999572753906,19.529999923706054,22.759999465942382,26.841999435424803,27.95999984741211,28.64399948120117,27.957999420166015,24.877999114990235,21.073999404907227,20.18599967956543,18.333999633789062,18.069999313354494,19.481999588012695,20.765999603271485,23.69199981689453,25.58999900817871,28.00599937438965,27.83599967956543,27.295999145507814,25.341999435424803,21.26399955749512,21.905999374389648,21.497999572753905,20.073999404907227,18.67799949645996,18.793999099731444,22.031999588012695,26.059999084472658,27.04799919128418,28.05399971008301,27.45999946594238,24.561999130249024,21.37199935913086,20.48599967956543,19.439999389648438,20.31399917602539,21.00599899291992,20.415999603271484,22.54799919128418,26.01399955749512,28.275999450683592,28.817999267578124,28.347999572753906,25.039999389648436,21.067999267578124,20.563999557495116,21.43599967956543,20.99599952697754,20.001999282836913,20.357999420166017,23.135999298095705,26.855998992919922,27.64799919128418,28.47199935913086,27.941999435424805,24.81999969482422,22.701999282836915,20.91199951171875,,,,,,,,,,,,,,,,,,,,,,,,,,,,,,,,,,,,,,,,,,,,,,,,,,,,,,,,,,,,,,,,,,,,,,,,,,,,,,,,,,,,,,,,,,,,,,,,,,,,,,,,,,,,,,,,,,,,,,,,,,,,,,,,,,,,,,,,,,,,,,,,,,,,,,,,,,,,,,,,,,,,,,,,,,,,,,,,,,,,,,,,,,,,,,,,,,,,,,,,,,,,,,,,,,,,,,,,,,,,,,,,,,,,,,,,,,,,,,,,,,,,,,,,,,,,,,,,,,,,,,,,,,,,,,,,,,,,,,,,,,,,,,,,,,,,,,,,,,,,,34.7568,-82.9571
22,GHCND:US1SCOC0015,1.14,1.5,3.14,1.62,0.47,1.75,0.67,0.06,0.72,1.2,1.67,1.36,1.0,0.44,1.67,0.96,3.42,1.13,2.2,1.62,1.05,1.94,0.25,2.29,2.37,1.63,1.68,1.77,1.92,1.23,2.65,2.85,1.52,1.34,0.86,2.4,1.05,0.75,1.19,2.85,2.2,0.75,1.64,1.91,3.83,1.77,2.81,1.91,2.4,1.2,0.79,0.69,1.47,2.38,0.77,1.8,1.44,2.7,2.28,2.63,18.897999572753907,17.36999931335449,17.597999572753906,19.529999923706054,22.759999465942382,26.841999435424803,27.95999984741211,28.64399948120117,27.957999420166015,24.877999114990235,21.073999404907227,20.18599967956543,18.333999633789062,18.069999313354494,19.481999588012695,20.765999603271485,23.69199981689453,25.58999900817871,28.00599937438965,27.83599967956543,27.295999145507814,25.341999435424803,21.26399955749512,21.905999374389648,21.497999572753905,20.073999404907227,18.67799949645996,18.793999099731444,22.031999588012695,26.059999084472658,27.04799919128418,28.05399971008301,27.45999946594238,24.561999130249024,21.37199935913086,20.48599967956543,19.439999389648438,20.31399917602539,21.00599899291992,20.415999603271484,22.54799919128418,26.01399955749512,28.275999450683592,28.817999267578124,28.347999572753906,25.039999389648436,21.067999267578124,20.563999557495116,21.43599967956543,20.99599952697754,20.001999282836913,20.357999420166017,23.135999298095705,26.855998992919922,27.64799919128418,28.47199935913086,27.941999435424805,24.81999969482422,22.701999282836915,20.91199951171875,,,,,,,,,,,,,,,,,,,,,,,,,,,,,,,,,,,,,,,,,,,,,,,,,,,,,,,,,,,,,,,,,,,,,,,,,,,,,,,,,,,,,,,,,,,,,,,,,,,,,,,,,,,,,,,,,,,,,,,,,,,,,,,,,,,,,,,,,,,,,,,,,,,,,,,,,,,,,,,,,,,,,,,,,,,,,,,,,,,,,,,,,,,,,,,,,,,,,,,,,,,,,,,,,,,,,,,,,,,,,,,,,,,,,,,,,,,,,,,,,,,,,,,,,,,,,,,,,,,,,,,,,,,,,,,,,,,,,,,,,,,,,,,,,,,,,,,,,,,,,34.7484,-83.0202
23,GHCND:US1SCOC0023,1.2,1.4,2.92,1.4,0.42,1.34,1.65,0.6,0.85,0.67,0.9,1.29,1.0,0.4,1.48,0.93,2.85,1.23,1.91,1.4,1.09,1.45,0.32,1.52,2.4,1.75,1.53,2.25,1.78,0.99,2.2,1.95,1.35,1.15,1.0,2.62,1.9,0.6,1.55,2.95,2.75,1.34,1.53,0.9,2.51,1.52,3.06,0.6,2.34,1.18,0.78,0.7,0.58,2.6,0.6,2.2,1.26,2.7,2.18,2.92,18.897999572753907,17.36999931335449,17.597999572753906,19.529999923706054,22.759999465942382,26.841999435424803,27.95999984741211,28.64399948120117,27.957999420166015,24.877999114990235,21.073999404907227,20.18599967956543,18.333999633789062,18.069999313354494,19.481999588012695,20.765999603271485,23.69199981689453,25.58999900817871,28.00599937438965,27.83599967956543,27.295999145507814,25.341999435424803,21.26399955749512,21.905999374389648,21.497999572753905,20.073999404907227,18.67799949645996,18.793999099731444,22.031999588012695,26.059999084472658,27.04799919128418,28.05399971008301,27.45999946594238,24.561999130249024,21.37199935913086,20.48599967956543,19.439999389648438,20.31399917602539,21.00599899291992,20.415999603271484,22.54799919128418,26.01399955749512,28.275999450683592,28.817999267578124,28.347999572753906,25.039999389648436,21.067999267578124,20.563999557495116,21.43599967956543,20.99599952697754,20.001999282836913,20.357999420166017,23.135999298095705,26.855998992919922,27.64799919128418,28.47199935913086,27.941999435424805,24.81999969482422,22.701999282836915,20.91199951171875,,,,,,,,,,,,,,,,,,,,,,,,,,,,,,,,,,,,,,,,,,,,,,,,,,,,,,,,,,,,,,,,,,,,,,,,,,,,,,,,,,,,,,,,,,,,,,,,,,,,,,,,,,,,,,,,,,,,,,,,,,,,,,,,,,,,,,,,,,,,,,,,,,,,,,,,,,,,,,,,,,,,,,,,,,,,,,,,,,,,,,,,,,,,,,,,,,,,,,,,,,,,,,,,,,,,,,,,,,,,,,,,,,,,,,,,,,,,,,,,,,,,,,,,,,,,,,,,,,,,,,,,,,,,,,,,,,,,,,,,,,,,,,,,,,,,,,,,,,,,,34.7328,-82.9881
24,GHCND:US1SCRC0004,0.46,1.88,0.96,0.4,0.62,1.86,0.36,1.08,0.88,1.18,1.04,0.63,1.02,1.36,0.85,0.49,0.61,1.14,1.41,1.82,1.34,0.4,1.03,1.28,1.12,1.51,1.96,1.87,2.52,0.99,0.81,2.98,1.49,0.78,1.17,1.59,2.32,0.32,1.4,1.96,1.7,0.68,0.97,2.18,1.42,1.34,1.45,1.68,0.87,1.49,0.83,1.6,0.52,1.3,0.52,2.84,1.81,8.41,2.59,2.88,19.077999877929688,17.689999389648438,17.817999649047852,19.62599983215332,22.73199920654297,26.79799919128418,27.973999786376954,28.653999710083006,27.911999130249022,24.86399917602539,21.011999130249023,20.283999633789062,18.583999633789062,18.37799949645996,19.731999588012695,20.82999954223633,23.753999710083008,25.6239990234375,28.033999252319337,27.90199966430664,27.31199951171875,25.31999969482422,21.32199935913086,21.97799949645996,21.503999710083008,20.25599937438965,18.98399963378906,18.969999313354492,22.093999481201173,26.04799919128418,27.12799949645996,28.04199981689453,27.415999603271484,24.5299991607666,21.459999084472656,20.7879997253418,19.52199935913086,20.253999328613283,21.221998977661134,20.71799964904785,22.635999298095705,25.979999542236328,28.213999557495118,28.74799919128418,28.36199951171875,25.019999313354493,21.041999435424806,20.57999954223633,21.49199981689453,21.125999450683594,20.157999420166014,20.46199951171875,23.21599922180176,27.011999130249023,27.777999496459962,28.48799934387207,27.87799949645996,24.76399955749512,22.817999649047852,21.147999572753907,,,,,,,,,,,,,,,,,,,,,,,,,,,,,,,,,,,,,,,,,,,,,,,,,,,,,,,,,,,,,,,,,,,,,,,,,,,,,,,,,,,,,,,,,,,,,,,,,,,,,,,,,,,,,,,,,,,,,,,,,,,,,,,,,,,,,,,,,,,,,,,,,,,,,,,,,,,,,,,,,,,,,,,,,,,,,,,,,,,,,,,,,,,,,,,,,,,,,,,,,,,,,,,,,,,,,,,,,,,,,,,,,,,,,,,,,,,,,,,,,,,,,,,,,,,,,,,,,,,,,,,,,,,,,,,,,,,,,,,,,,,,,,,,,,,,,,,,,,,,,34.1272,-81.2304
25,GHCND:US1SCRC0005,0.47,2.03,0.93,0.33,1.13,1.52,0.61,1.12,1.18,1.17,1.08,0.71,0.76,1.31,0.39,0.44,0.81,1.17,1.68,2.06,1.03,0.46,0.96,1.06,1.03,1.47,0.57,1.62,2.17,0.84,1.01,2.96,1.51,0.29,1.01,1.53,2.28,1.01,1.14,1.79,1.34,0.59,0.83,1.58,1.62,1.29,1.43,1.66,0.91,1.06,0.78,1.26,0.16,1.03,0.42,2.68,2.64,8.66,2.14,2.58,19.077999877929688,17.689999389648438,17.817999649047852,19.62599983215332,22.73199920654297,26.79799919128418,27.973999786376954,28.653999710083006,27.911999130249022,24.86399917602539,21.011999130249023,20.283999633789062,18.583999633789062,18.37799949645996,19.731999588012695,20.82999954223633,23.753999710083008,25.6239990234375,28.033999252319337,27.90199966430664,27.31199951171875,25.31999969482422,21.32199935913086,21.97799949645996,21.503999710083008,20.25599937438965,18.98399963378906,18.969999313354492,22.093999481201173,26.04799919128418,27.12799949645996,28.04199981689453,27.415999603271484,24.5299991607666,21.459999084472656,20.7879997253418,19.52199935913086,20.253999328613283,21.221998977661134,20.71799964904785,22.635999298095705,25.979999542236328,28.213999557495118,28.74799919128418,28.36199951171875,25.019999313354493,21.041999435424806,20.57999954223633,21.49199981689453,21.125999450683594,20.157999420166014,20.46199951171875,23.21599922180176,27.011999130249023,27.777999496459962,28.48799934387207,27.87799949645996,24.76399955749512,22.817999649047852,21.147999572753907,,,,,,,,,,,,,,,,,,,,,,,,,,,,,,,,,,,,,,,,,,,,,,,,,,,,,,,,,,,,,,,,,,,,,,,,,,,,,,,,,,,,,,,,,,,,,,,,,,,,,,,,,,,,,,,,,,,,,,,,,,,,,,,,,,,,,,,,,,,,,,,,,,,,,,,,,,,,,,,,,,,,,,,,,,,,,,,,,,,,,,,,,,,,,,,,,,,,,,,,,,,,,,,,,,,,,,,,,,,,,,,,,,,,,,,,,,,,,,,,,,,,,,,,,,,,,,,,,,,,,,,,,,,,,,,,,,,,,,,,,,,,,,,,,,,,,,,,,,,,,34.1457,-81.2243
26,GHCND:US1SCSP0008,0.6,1.43,2.22,0.78,0.97,1.23,0.65,2.25,1.1,0.96,1.18,0.35,0.95,0.6,1.44,0.86,1.75,1.67,0.5,1.59,1.62,0.73,0.63,0.88,2.06,1.2,0.97,1.9,2.8,1.65,1.95,2.88,2.65,1.14,0.45,1.29,1.78,0.75,2.16,2.18,1.17,0.53,0.73,5.4,0.61,0.88,0.58,0.21,1.0,0.75,0.76,3.13,1.5,1.02,2.54,0.53,0.8,2.38,2.63,1.77,19.077999877929688,17.689999389648438,17.817999649047852,19.62599983215332,22.73199920654297,26.79799919128418,27.973999786376954,28.653999710083006,27.911999130249022,24.86399917602539,21.011999130249023,20.283999633789062,18.583999633789062,18.37799949645996,19.731999588012695,20.82999954223633,23.753999710083008,25.6239990234375,28.033999252319337,27.90199966430664,27.31199951171875,25.31999969482422,21.32199935913086,21.97799949645996,21.503999710083008,20.25599937438965,18.98399963378906,18.969999313354492,22.093999481201173,26.04799919128418,27.12799949645996,28.04199981689453,27.415999603271484,24.5299991607666,21.459999084472656,20.7879997253418,19.52199935913086,20.253999328613283,21.221998977661134,20.71799964904785,22.635999298095705,25.979999542236328,28.213999557495118,28.74799919128418,28.36199951171875,25.019999313354493,21.041999435424806,20.57999954223633,21.49199981689453,21.125999450683594,20.157999420166014,20.46199951171875,23.21599922180176,27.011999130249023,27.777999496459962,28.48799934387207,27.87799949645996,24.76399955749512,22.817999649047852,21.147999572753907,,,,,,,,,,,,,,,,,,,,,,,,,,,,,,,,,,,,,,,,,,,,,,,,,,,,,,,,,,,,,,,,,,,,,,,,,,,,,,,,,,,,,,,,,,,,,,,,,,,,,,,,,,,,,,,,,,,,,,,,,,,,,,,,,,,,,,,,,,,,,,,,,,,,,,,,,,,,,,,,,,,,,,,,,,,,,,,,,,,,,,,,,,,,,,,,,,,,,,,,,,,,,,,,,,,,,,,,,,,,,,,,,,,,,,,,,,,,,,,,,,,,,,,,,,,,,,,,,,,,,,,,,,,,,,,,,,,,,,,,,,,,,,,,,,,,,,,,,,,,,34.9134,-81.8748
27,GHCND:US1SCSP0010,0.6,1.59,2.19,0.89,0.51,0.99,0.57,0.88,2.55,0.69,1.45,0.96,0.9,0.53,1.58,1.05,1.27,0.39,0.83,2.33,1.27,0.95,0.43,1.25,2.1,1.02,0.91,2.04,2.96,2.37,2.36,1.58,2.45,2.19,0.48,2.6,2.22,0.95,1.86,1.45,0.9,0.86,2.11,4.55,0.69,1.66,2.15,0.54,1.14,0.91,0.91,1.53,0.77,0.95,1.19,1.21,1.27,4.25,2.15,2.35,19.077999877929688,17.689999389648438,17.817999649047852,19.62599983215332,22.73199920654297,26.79799919128418,27.973999786376954,28.653999710083006,27.911999130249022,24.86399917602539,21.011999130249023,20.283999633789062,18.583999633789062,18.37799949645996,19.731999588012695,20.82999954223633,23.753999710083008,25.6239990234375,28.033999252319337,27.90199966430664,27.31199951171875,25.31999969482422,21.32199935913086,21.97799949645996,21.503999710083008,20.25599937438965,18.98399963378906,18.969999313354492,22.093999481201173,26.04799919128418,27.12799949645996,28.04199981689453,27.415999603271484,24.5299991607666,21.459999084472656,20.7879997253418,19.52199935913086,20.253999328613283,21.221998977661134,20.71799964904785,22.635999298095705,25.979999542236328,28.213999557495118,28.74799919128418,28.36199951171875,25.019999313354493,21.041999435424806,20.57999954223633,21.49199981689453,21.125999450683594,20.157999420166014,20.46199951171875,23.21599922180176,27.011999130249023,27.777999496459962,28.48799934387207,27.87799949645996,24.76399955749512,22.817999649047852,21.147999572753907,,,,,,,,,,,,,,,,,,,,,,,,,,,,,,,,,,,,,,,,,,,,,,,,,,,,,,,,,,,,,,,,,,,,,,,,,,,,,,,,,,,,,,,,,,,,,,,,,,,,,,,,,,,,,,,,,,,,,,,,,,,,,,,,,,,,,,,,,,,,,,,,,,,,,,,,,,,,,,,,,,,,,,,,,,,,,,,,,,,,,,,,,,,,,,,,,,,,,,,,,,,,,,,,,,,,,,,,,,,,,,,,,,,,,,,,,,,,,,,,,,,,,,,,,,,,,,,,,,,,,,,,,,,,,,,,,,,,,,,,,,,,,,,,,,,,,,,,,,,,,34.8763,-82.0571
28,GHCND:US1SCSP0028,0.5,1.01,2.11,0.79,0.6,0.96,0.53,1.21,2.4,0.84,1.5,0.63,0.86,0.36,1.5,1.01,1.2,0.38,0.8,0.83,1.84,1.02,0.38,2.43,2.1,0.75,0.7,1.93,2.7,1.7,1.79,1.57,2.19,2.53,3.22,2.26,2.13,0.9,1.87,1.54,0.61,0.58,3.28,4.62,1.06,1.46,1.93,1.53,1.12,0.85,0.42,1.6,0.97,0.95,1.83,0.47,1.75,3.58,2.18,2.07,19.077999877929688,17.689999389648438,17.817999649047852,19.62599983215332,22.73199920654297,26.79799919128418,27.973999786376954,28.653999710083006,27.911999130249022,24.86399917602539,21.011999130249023,20.283999633789062,18.583999633789062,18.37799949645996,19.731999588012695,20.82999954223633,23.753999710083008,25.6239990234375,28.033999252319337,27.90199966430664,27.31199951171875,25.31999969482422,21.32199935913086,21.97799949645996,21.503999710083008,20.25599937438965,18.98399963378906,18.969999313354492,22.093999481201173,26.04799919128418,27.12799949645996,28.04199981689453,27.415999603271484,24.5299991607666,21.459999084472656,20.7879997253418,19.52199935913086,20.253999328613283,21.221998977661134,20.71799964904785,22.635999298095705,25.979999542236328,28.213999557495118,28.74799919128418,28.36199951171875,25.019999313354493,21.041999435424806,20.57999954223633,21.49199981689453,21.125999450683594,20.157999420166014,20.46199951171875,23.21599922180176,27.011999130249023,27.777999496459962,28.48799934387207,27.87799949645996,24.76399955749512,22.817999649047852,21.147999572753907,,,,,,,,,,,,,,,,,,,,,,,,,,,,,,,,,,,,,,,,,,,,,,,,,,,,,,,,,,,,,,,,,,,,,,,,,,,,,,,,,,,,,,,,,,,,,,,,,,,,,,,,,,,,,,,,,,,,,,,,,,,,,,,,,,,,,,,,,,,,,,,,,,,,,,,,,,,,,,,,,,,,,,,,,,,,,,,,,,,,,,,,,,,,,,,,,,,,,,,,,,,,,,,,,,,,,,,,,,,,,,,,,,,,,,,,,,,,,,,,,,,,,,,,,,,,,,,,,,,,,,,,,,,,,,,,,,,,,,,,,,,,,,,,,,,,,,,,,,,,,34.9304,-82.0189
29,GHCND:USC00098842,1.34,1.54,3.13,2.12,1.42,1.75,0.94,0.52,0.99,0.81,2.17,1.36,1.37,0.55,2.41,2.64,1.67,0.85,1.27,2.74,1.25,3.25,0.19,2.51,2.54,1.63,1.8,2.31,1.72,2.34,2.43,1.27,1.39,1.56,2.83,3.49,0.96,0.92,2.14,2.18,3.34,1.4,2.0,2.07,0.82,2.59,2.49,2.19,2.62,1.43,1.44,1.36,1.35,0.43,0.8,1.98,1.97,3.24,3.09,2.36,18.897999572753907,17.36999931335449,17.597999572753906,19.529999923706054,22.759999465942382,26.841999435424803,27.95999984741211,28.64399948120117,27.957999420166015,24.877999114990235,21.073999404907227,20.18599967956543,18.333999633789062,18.069999313354494,19.481999588012695,20.765999603271485,23.69199981689453,25.58999900817871,28.00599937438965,27.83599967956543,27.295999145507814,25.341999435424803,21.26399955749512,21.905999374389648,21.497999572753905,20.073999404907227,18.67799949645996,18.793999099731444,22.031999588012695,26.059999084472658,27.04799919128418,28.05399971008301,27.45999946594238,24.561999130249024,21.37199935913086,20.48599967956543,19.439999389648438,20.31399917602539,21.00599899291992,20.415999603271484,22.54799919128418,26.01399955749512,28.275999450683592,28.817999267578124,28.347999572753906,25.039999389648436,21.067999267578124,20.563999557495116,21.43599967956543,20.99599952697754,20.001999282836913,20.357999420166017,23.135999298095705,26.855998992919922,27.64799919128418,28.47199935913086,27.941999435424805,24.81999969482422,22.701999282836915,20.91199951171875,,,,,,,,,,,,,,,,,,,,,,,,,,,,,,,,,,,,,,,,,,,,,,,,,,,,,,,,,,,,,,,,,,,,,,,,,,,,,,,,,,,,,,,,,,,,,,,,,,,,,,,,,,,,,,,,,,,,,,,,,,,,,,,,,,,,,,,,,,,,,,,,,,,,,,,,,,,,,,,,,,,,,,,,,,,,,,,,,,,,,,,,,,,,,,,,,,,,,,,,,,,,,,,,,,,,,,,,,,,,,,,,,,,,,,,,,,,,,,,,,,,,,,,,,,,,,,,,,,,,,,,,,,,,,,,,,,,,,,,,,,,,,,,,,,,,,,,,,,,,,34.7117,-83.3515
30,GHCND:USC00381093,0.53,1.78,1.11,0.93,0.76,0.87,0.73,2.01,1.02,1.19,1.61,0.23,0.23,1.68,0.66,3.0,2.64,1.13,1.72,3.64,0.27,0.53,0.95,0.64,0.29,1.19,2.2,1.38,0.58,2.15,2.5,3.4,0.7,0.43,1.77,0.8,0.55,1.4,1.9,2.43,1.95,1.72,1.83,1.85,1.5,1.47,1.46,2.0,2.08,1.77,0.8,1.4,1.6,1.89,1.2,2.1,2.18,9.85,1.47,0.95,19.923999404907228,18.923999786376953,19.01199951171875,20.50599937438965,23.18799934387207,26.847998809814452,28.063999557495116,28.773999786376955,27.927999114990236,25.26199951171875,21.569999313354494,21.125999450683594,19.77199935913086,19.679999542236327,20.913999557495117,21.527999496459962,24.21799964904785,25.897998809814453,28.133999633789063,28.10199966430664,27.52199935913086,25.657999801635743,21.98799934387207,22.535999298095703,21.85399971008301,21.12599983215332,20.28799934387207,20.139999008178712,22.773999404907226,26.213999557495118,27.315999221801757,28.12799949645996,27.493999481201172,24.947999572753908,22.365999221801758,22.06199951171875,20.473999404907225,20.72799949645996,22.01399917602539,21.865999603271483,23.383999252319335,26.153999710083006,28.11999969482422,28.631999206542968,28.465999603271484,25.449999618530274,21.82799949645996,21.403999710083006,22.16599922180176,21.839999389648437,20.97599983215332,21.28799934387207,23.775999069213867,27.411999130249022,28.099999237060548,28.609999465942384,27.89799919128418,25.129999542236327,23.65399932861328,22.367999649047853,24.0,30.0,37.0,30.0,24.0,12.0,12.0,12.0,17.0,21.0,20.0,21.0,22.0,31.0,30.0,28.0,22.0,25.0,18.0,17.0,17.0,25.0,29.0,26.0,32.0,29.0,31.0,22.0,21.0,17.0,14.0,24.0,17.0,23.0,34.0,32.0,48.0,48.0,42.0,28.0,25.0,16.0,14.0,15.0,21.0,21.0,32.0,30.0,40.0,38.0,42.0,18.0,20.0,22.0,15.0,12.0,23.0,26.0,32.0,30.0,47.0,46.0,47.0,47.0,41.0,32.0,23.0,33.0,30.0,39.0,47.0,50.0,53.0,56.0,47.0,47.0,35.0,37.0,27.0,25.0,39.0,43.0,51.0,48.0,53.0,46.0,50.0,39.0,38.0,32.0,20.0,31.0,36.0,47.0,53.0,51.0,60.0,55.0,51.0,47.0,41.0,34.0,25.0,30.0,31.0,43.0,53.0,49.0,59.0,54.0,55.0,41.0,40.0,32.0,29.0,27.0,36.0,44.0,51.0,50.0,30.0,35.0,23.0,36.0,21.0,13.0,7.0,17.0,17.0,26.0,31.0,40.0,42.0,43.0,28.0,27.0,18.0,17.0,8.0,10.0,22.0,32.0,22.0,33.0,34.0,32.0,25.0,26.0,22.0,13.0,7.0,14.0,18.0,32.0,36.0,35.0,43.0,32.0,25.0,34.0,19.0,18.0,10.0,12.0,17.0,28.0,38.0,23.0,36.0,34.0,33.0,26.0,22.0,14.0,7.0,10.0,20.0,31.0,39.0,38.0,19.0,28.0,38.0,40.0,53.0,66.0,72.0,64.0,60.0,42.0,31.0,26.0,19.0,23.0,36.0,40.0,55.0,58.0,71.0,65.0,54.0,42.0,29.0,27.0,26.0,25.0,30.0,42.0,48.0,63.0,70.0,63.0,55.0,36.0,28.0,29.0,15.0,26.0,28.0,37.0,51.0,58.0,67.0,64.0,58.0,44.0,24.0,27.0,17.0,16.0,28.0,41.0,48.0,65.0,70.0,67.0,55.0,42.0,31.0,30.0,66.0,74.0,85.0,87.0,94.0,98.0,95.0,97.0,90.0,81.0,78.0,76.0,72.0,79.0,83.0,87.0,90.0,95.0,98.0,90.0,93.0,85.0,80.0,75.0,79.0,71.0,80.0,81.0,86.0,95.0,90.0,94.0,91.0,83.0,81.0,80.0,75.0,81.0,79.0,84.0,92.0,92.0,92.0,94.0,89.0,87.0,77.0,76.0,76.0,70.0,83.0,82.0,88.0,97.0,99.0,94.0,91.0,86.0,82.0,80.0,33.5183,-79.0922
31,GHCND:USC00381804,0.94,1.38,2.49,1.71,1.28,0.75,0.98,1.91,2.27,0.55,2.27,1.31,1.25,0.53,1.21,1.54,3.96,1.12,3.94,3.73,1.53,1.73,0.33,1.85,2.24,1.44,1.7,1.3,2.35,3.41,4.35,1.49,2.1,1.15,3.0,2.0,1.78,0.87,1.24,2.6,1.47,1.53,2.38,2.0,1.85,2.36,2.4,1.91,2.14,1.43,1.0,1.4,0.87,0.9,0.92,1.7,1.2,2.34,2.4,2.45,19.077999877929688,17.689999389648438,17.817999649047852,19.62599983215332,22.73199920654297,26.79799919128418,27.973999786376954,28.653999710083006,27.911999130249022,24.86399917602539,21.011999130249023,20.283999633789062,18.583999633789062,18.37799949645996,19.731999588012695,20.82999954223633,23.753999710083008,25.6239990234375,28.033999252319337,27.90199966430664,27.31199951171875,25.31999969482422,21.32199935913086,21.97799949645996,21.503999710083008,20.25599937438965,18.98399963378906,18.969999313354492,22.093999481201173,26.04799919128418,27.12799949645996,28.04199981689453,27.415999603271484,24.5299991607666,21.459999084472656,20.7879997253418,19.52199935913086,20.253999328613283,21.221998977661134,20.71799964904785,22.635999298095705,25.979999542236328,28.213999557495118,28.74799919128418,28.36199951171875,25.019999313354493,21.041999435424806,20.57999954223633,21.49199981689453,21.125999450683594,20.157999420166014,20.46199951171875,23.21599922180176,27.011999130249023,27.777999496459962,28.48799934387207,27.87799949645996,24.76399955749512,22.817999649047852,21.147999572753907,,,,,,,,,,,,,,,,,,,,,,,,,,,,,,,,,,,,,,,,,,,,,,,,,,,,,,,,,,,,,,,,,,,,,,,,,,,,,,,,,,,,,,,,,,,,,,,,,,,,,,,,,,,,,,,,,,,,,,,,,,,,,,,,,,,,,,,,,,,,,,,,,,,,,,,,,,,,,,,,,,,,,,,,,,,,,,,,,,,,,,,,,,,,,,,,,,,,,,,,,,,,,,,,,,,,,,,,,,,,,,,,,,,,,,,,,,,,,,,,,,,,,,,,,,,,,,,,,,,,,,,,,,,,,,,,,,,,,,,,,,,,,,,,,,,,,,,,,,,,,35.0269,-82.5011
32,GHCND:USC00382730,0.75,0.85,1.2,0.9,0.2,1.15,4.95,0.9,0.93,0.75,0.54,0.26,0.25,1.3,3.5,1.0,0.1,2.1,1.51,1.67,0.94,1.96,0.4,0.92,0.3,2.1,3.0,1.3,1.0,1.05,2.95,5.0,0.31,0.05,1.2,0.56,1.11,0.65,0.15,1.0,0.96,1.87,2.2,3.3,2.0,1.1,1.15,1.09,1.14,2.27,1.13,0.95,0.72,1.8,0.79,2.25,2.78,5.85,2.0,1.37,19.405999374389648,17.983999252319336,18.12199935913086,19.857999801635742,22.909999465942384,26.789999389648436,27.977999877929687,28.719999313354492,28.06199951171875,25.171998977661133,21.479999542236328,20.61999969482422,18.841999435424803,18.583999252319337,19.961999893188477,21.071999740600585,23.87799949645996,25.703998947143553,28.03599967956543,27.92599983215332,27.44799919128418,25.57999954223633,21.641999816894533,22.31399917602539,21.83599967956543,20.521999740600585,19.27199935913086,19.3179988861084,22.31199951171875,26.075999069213868,27.11399917602539,28.133999633789063,27.525999450683592,24.82199897766113,21.89399948120117,21.075999450683593,19.965999603271484,20.741999053955077,21.40399932861328,20.775999450683592,22.765999221801756,25.979999542236328,28.23999938964844,28.8299991607666,28.45999984741211,25.313999557495116,21.543999481201173,21.005999755859374,21.849999618530273,21.465999603271484,20.383999633789063,20.62799949645996,23.285999298095703,26.935998916625977,27.769998931884764,28.57999954223633,28.039999389648436,25.067999649047852,23.033999252319337,21.441999435424805,27.0,25.0,37.0,21.0,19.0,19.0,13.0,15.0,17.0,22.0,21.0,23.0,29.0,23.0,21.0,32.0,5.0,16.0,9.0,10.0,10.0,21.0,24.0,24.0,15.0,16.0,28.0,18.0,18.0,13.0,9.0,16.0,16.0,20.0,29.0,28.0,36.0,18.0,13.0,15.0,18.0,15.0,14.0,18.0,21.0,16.0,30.0,23.0,32.0,29.0,39.0,21.0,25.0,15.0,9.0,6.0,12.0,22.0,23.0,13.0,40.0,42.0,47.0,43.0,36.0,32.0,24.0,28.0,28.0,46.0,37.0,33.0,46.0,49.0,42.0,53.0,21.0,26.0,26.0,27.0,28.0,32.0,38.0,38.0,36.0,38.0,45.0,33.0,46.0,24.0,18.0,27.0,31.0,42.0,47.0,41.0,48.0,39.0,37.0,39.0,38.0,28.0,25.0,33.0,33.0,38.0,49.0,39.0,46.0,46.0,50.0,35.0,39.0,26.0,23.0,20.0,29.0,38.0,41.0,40.0,28.0,22.0,24.0,31.0,24.0,12.0,12.0,11.0,19.0,28.0,25.0,22.0,32.0,30.0,23.0,30.0,8.0,13.0,11.0,14.0,15.0,24.0,23.0,25.0,26.0,25.0,25.0,22.0,34.0,8.0,9.0,14.0,20.0,27.0,35.0,26.0,34.0,20.0,9.0,28.0,20.0,12.0,7.0,14.0,21.0,24.0,30.0,22.0,31.0,33.0,25.0,17.0,22.0,13.0,7.0,8.0,15.0,26.0,33.0,33.0,23.0,34.0,39.0,43.0,51.0,67.0,70.0,71.0,59.0,41.0,38.0,38.0,24.0,28.0,40.0,38.0,73.0,65.0,70.0,66.0,63.0,55.0,42.0,36.0,33.0,33.0,32.0,46.0,40.0,71.0,72.0,67.0,59.0,43.0,29.0,34.0,17.0,31.0,33.0,41.0,53.0,65.0,71.0,65.0,57.0,46.0,28.0,33.0,27.0,20.0,33.0,51.0,52.0,68.0,71.0,70.0,57.0,46.0,35.0,31.0,63.0,76.0,86.0,86.0,87.0,99.0,94.0,99.0,87.0,87.0,75.0,71.0,70.0,77.0,82.0,91.0,94.0,91.0,96.0,93.0,91.0,87.0,80.0,74.0,69.0,71.0,77.0,79.0,86.0,95.0,90.0,94.0,90.0,85.0,76.0,75.0,65.0,70.0,70.0,80.0,91.0,93.0,96.0,98.0,90.0,84.0,77.0,72.0,73.0,66.0,83.0,86.0,91.0,94.0,94.0,90.0,86.0,84.0,76.0,71.0,32.5051,-80.2948
33,GHCND:USC00382735,0.65,0.81,1.42,1.34,0.23,0.75,4.31,0.91,0.68,0.9,0.69,0.31,0.2,1.28,2.33,1.13,1.31,1.1,1.83,5.29,0.61,1.42,0.66,0.79,0.21,2.28,2.74,1.16,0.5,1.44,1.3,2.79,0.33,0.34,1.45,1.0,0.76,0.91,1.63,3.11,1.44,1.37,5.42,2.98,2.83,0.7,2.25,0.93,2.23,1.87,1.56,1.21,0.67,1.51,0.82,1.35,3.42,9.24,1.76,0.88,19.405999374389648,17.983999252319336,18.12199935913086,19.857999801635742,22.909999465942384,26.789999389648436,27.977999877929687,28.719999313354492,28.06199951171875,25.171998977661133,21.479999542236328,20.61999969482422,18.841999435424803,18.583999252319337,19.961999893188477,21.071999740600585,23.87799949645996,25.703998947143553,28.03599967956543,27.92599983215332,27.44799919128418,25.57999954223633,21.641999816894533,22.31399917602539,21.83599967956543,20.521999740600585,19.27199935913086,19.3179988861084,22.31199951171875,26.075999069213868,27.11399917602539,28.133999633789063,27.525999450683592,24.82199897766113,21.89399948120117,21.075999450683593,19.965999603271484,20.741999053955077,21.40399932861328,20.775999450683592,22.765999221801756,25.979999542236328,28.23999938964844,28.8299991607666,28.45999984741211,25.313999557495116,21.543999481201173,21.005999755859374,21.849999618530273,21.465999603271484,20.383999633789063,20.62799949645996,23.285999298095703,26.935998916625977,27.769998931884764,28.57999954223633,28.039999389648436,25.067999649047852,23.033999252319337,21.441999435424805,37.0,36.0,42.0,27.0,26.0,14.0,18.0,18.0,18.0,23.0,22.0,24.0,34.0,32.0,30.0,29.0,19.0,21.0,13.0,15.0,15.0,30.0,30.0,32.0,25.0,24.0,34.0,23.0,19.0,18.0,14.0,23.0,20.0,23.0,33.0,27.0,45.0,43.0,37.0,24.0,29.0,15.0,13.0,20.0,27.0,17.0,30.0,28.0,35.0,35.0,39.0,23.0,25.0,18.0,9.0,13.0,18.0,18.0,29.0,25.0,52.0,48.0,52.0,52.0,47.0,37.0,32.0,29.0,32.0,45.0,44.0,40.0,52.0,54.0,48.0,50.0,36.0,37.0,30.0,30.0,36.0,43.0,46.0,50.0,47.0,46.0,51.0,40.0,38.0,31.0,22.0,30.0,38.0,47.0,52.0,46.0,57.0,47.0,47.0,45.0,45.0,33.0,25.0,35.0,35.0,41.0,52.0,46.0,52.0,51.0,55.0,39.0,42.0,32.0,26.0,22.0,36.0,37.0,48.0,45.0,35.0,27.0,25.0,33.0,24.0,12.0,11.0,10.0,14.0,28.0,31.0,26.0,35.0,35.0,24.0,24.0,13.0,17.0,11.0,11.0,19.0,29.0,23.0,31.0,29.0,32.0,28.0,22.0,19.0,11.0,6.0,14.0,21.0,32.0,38.0,33.0,41.0,26.0,29.0,30.0,20.0,13.0,10.0,13.0,19.0,23.0,36.0,27.0,41.0,29.0,31.0,21.0,23.0,15.0,8.0,5.0,19.0,23.0,37.0,35.0,21.0,33.0,38.0,41.0,51.0,67.0,70.0,72.0,60.0,41.0,34.0,34.0,23.0,25.0,41.0,44.0,60.0,60.0,69.0,66.0,59.0,47.0,35.0,29.0,31.0,27.0,29.0,44.0,50.0,66.0,72.0,66.0,56.0,41.0,30.0,32.0,17.0,32.0,32.0,41.0,52.0,64.0,71.0,66.0,59.0,47.0,27.0,31.0,20.0,21.0,31.0,49.0,50.0,66.0,71.0,71.0,57.0,46.0,35.0,34.0,73.0,81.0,90.0,93.0,98.0,104.0,102.0,101.0,92.0,86.0,78.0,74.0,75.0,79.0,89.0,94.0,96.0,97.0,99.0,96.0,95.0,90.0,81.0,79.0,78.0,73.0,80.0,84.0,88.0,97.0,94.0,96.0,94.0,88.0,82.0,78.0,74.0,79.0,79.0,86.0,97.0,97.0,96.0,101.0,94.0,88.0,79.0,77.0,72.0,72.0,86.0,88.0,92.0,98.0,97.0,93.0,93.0,83.0,83.0,79.0,32.6064,-80.3267
34,GHCND:USC00383470,0.6,0.93,0.75,0.86,1.43,1.73,3.6,2.1,2.0,1.23,1.95,0.26,0.3,1.0,2.85,1.72,3.52,1.73,1.1,3.51,2.6,0.71,1.0,0.95,0.45,1.5,2.12,1.4,0.55,2.24,1.55,1.65,0.93,0.93,2.12,0.55,0.57,2.0,1.75,2.8,1.38,1.26,3.23,1.52,2.4,0.56,1.49,1.62,2.15,2.05,1.39,1.87,1.46,2.3,0.67,6.3,2.5,6.62,1.42,0.96,19.617999649047853,18.39599952697754,18.425999450683594,20.003999710083008,22.88799934387207,26.767998886108398,28.01399955749512,28.731999588012695,27.967999267578126,25.099999237060548,21.3299991607666,20.73399963378906,19.179999542236327,19.01399955749512,20.293999862670898,21.133999633789063,23.963999557495118,25.753998947143554,28.09599952697754,28.04199981689453,27.47199935913086,25.527999877929688,21.707999420166015,22.39799919128418,21.82399978637695,20.77999954223633,19.71199951171875,19.557999038696288,22.405999374389648,26.10399932861328,27.259999465942382,28.131999588012697,27.463999557495118,24.733999252319336,21.943999099731446,21.481999588012695,20.02199935913086,20.61999931335449,21.75599899291992,21.255999755859374,22.901999282836915,25.969999694824217,28.149999618530273,28.725999069213866,28.463999557495118,25.23999938964844,21.457999420166015,21.02999954223633,21.92799949645996,21.64399948120117,20.623999786376952,20.789999389648436,23.409999084472656,27.159999084472656,27.949999237060545,28.609999465942384,27.9359992980957,24.963999557495118,23.191999435424805,21.75799980163574,37.0,37.0,39.0,33.0,22.0,17.0,19.0,18.0,24.0,25.0,27.0,31.0,35.0,37.0,32.0,29.0,27.0,31.0,18.0,16.0,18.0,31.0,29.0,27.0,34.0,27.0,30.0,25.0,25.0,15.0,9.0,27.0,23.0,25.0,37.0,36.0,46.0,48.0,43.0,28.0,30.0,17.0,17.0,19.0,27.0,20.0,32.0,29.0,44.0,40.0,41.0,21.0,22.0,23.0,14.0,16.0,16.0,24.0,31.0,30.0,54.0,52.0,54.0,50.0,48.0,38.0,41.0,34.0,34.0,51.0,53.0,50.0,55.0,59.0,50.0,51.0,40.0,43.0,31.0,30.0,43.0,47.0,50.0,50.0,55.0,46.0,55.0,49.0,42.0,35.0,23.0,34.0,41.0,52.0,55.0,55.0,61.0,51.0,52.0,48.0,43.0,39.0,31.0,35.0,36.0,46.0,56.0,51.0,60.0,57.0,58.0,43.0,44.0,37.0,32.0,31.0,36.0,45.0,56.0,52.0,34.0,23.0,30.0,33.0,25.0,12.0,18.0,14.0,14.0,30.0,38.0,34.0,39.0,31.0,26.0,26.0,19.0,14.0,9.0,11.0,22.0,33.0,28.0,36.0,33.0,32.0,19.0,29.0,22.0,13.0,5.0,15.0,23.0,35.0,34.0,40.0,42.0,26.0,23.0,34.0,18.0,19.0,13.0,14.0,16.0,28.0,40.0,27.0,37.0,34.0,35.0,24.0,23.0,16.0,9.0,11.0,19.0,31.0,37.0,42.0,19.0,29.0,33.0,40.0,48.0,64.0,61.0,66.0,58.0,35.0,30.0,31.0,20.0,22.0,38.0,39.0,54.0,59.0,71.0,64.0,53.0,42.0,30.0,26.0,26.0,26.0,26.0,34.0,48.0,62.0,70.0,63.0,53.0,35.0,28.0,27.0,13.0,30.0,29.0,39.0,51.0,57.0,65.0,63.0,58.0,43.0,23.0,26.0,17.0,16.0,28.0,44.0,48.0,64.0,69.0,66.0,56.0,42.0,31.0,29.0,73.0,81.0,87.0,90.0,96.0,102.0,102.0,100.0,92.0,86.0,83.0,81.0,75.0,81.0,88.0,90.0,94.0,102.0,102.0,94.0,96.0,89.0,80.0,76.0,81.0,72.0,81.0,83.0,90.0,97.0,93.0,97.0,94.0,87.0,83.0,82.0,74.0,81.0,81.0,87.0,94.0,96.0,96.0,98.0,94.0,89.0,79.0,77.0,77.0,73.0,86.0,87.0,92.0,101.0,101.0,97.0,92.0,87.0,87.0,81.0,33.3169,-79.3227
35,GHCND:USC00384111,0.51,1.93,0.9,0.59,1.07,0.53,1.93,3.01,0.89,0.73,2.78,0.19,0.29,1.12,2.84,0.54,3.55,2.44,1.17,2.29,1.01,0.68,0.57,1.14,0.37,1.26,1.89,1.22,1.86,1.68,1.06,1.21,0.89,2.4,2.14,1.16,0.61,0.44,1.58,2.05,1.45,1.07,1.12,2.07,2.28,1.98,1.46,4.42,1.78,2.0,1.06,0.8,0.63,1.77,1.03,1.98,1.21,8.37,1.77,1.83,19.617999649047853,18.39599952697754,18.425999450683594,20.003999710083008,22.88799934387207,26.767998886108398,28.01399955749512,28.731999588012695,27.967999267578126,25.099999237060548,21.3299991607666,20.73399963378906,19.179999542236327,19.01399955749512,20.293999862670898,21.133999633789063,23.963999557495118,25.753998947143554,28.09599952697754,28.04199981689453,27.47199935913086,25.527999877929688,21.707999420166015,22.39799919128418,21.82399978637695,20.77999954223633,19.71199951171875,19.557999038696288,22.405999374389648,26.10399932861328,27.259999465942382,28.131999588012697,27.463999557495118,24.733999252319336,21.943999099731446,21.481999588012695,20.02199935913086,20.61999931335449,21.75599899291992,21.255999755859374,22.901999282836915,25.969999694824217,28.149999618530273,28.725999069213866,28.463999557495118,25.23999938964844,21.457999420166015,21.02999954223633,21.92799949645996,21.64399948120117,20.623999786376952,20.789999389648436,23.409999084472656,27.159999084472656,27.949999237060545,28.609999465942384,27.9359992980957,24.963999557495118,23.191999435424805,21.75799980163574,41.0,35.0,,,,,,,,,,30.0,37.0,34.0,29.0,28.0,22.0,30.0,22.0,16.0,19.0,31.0,30.0,27.0,44.0,30.0,31.0,31.0,25.0,13.0,13.0,25.0,18.0,27.0,37.0,38.0,46.0,49.0,43.0,30.0,28.0,18.0,12.0,21.0,28.0,21.0,31.0,31.0,44.0,39.0,42.0,25.0,22.0,24.0,15.0,13.0,19.0,23.0,30.0,29.0,56.0,54.0,,,,,,,,,,52.0,60.0,62.0,58.0,54.0,43.0,45.0,36.0,29.0,43.0,52.0,55.0,51.0,55.0,51.0,54.0,48.0,43.0,33.0,24.0,35.0,41.0,55.0,59.0,56.0,61.0,52.0,54.0,52.0,45.0,43.0,27.0,37.0,35.0,47.0,58.0,51.0,60.0,58.0,60.0,49.0,44.0,37.0,36.0,31.0,39.0,47.0,53.0,53.0,39.0,35.0,,,,,,,,,,35.0,40.0,44.0,33.0,32.0,21.0,15.0,10.0,11.0,24.0,36.0,28.0,35.0,34.0,33.0,24.0,27.0,22.0,12.0,6.0,15.0,24.0,33.0,38.0,41.0,47.0,30.0,28.0,39.0,21.0,20.0,12.0,14.0,14.0,26.0,40.0,27.0,36.0,34.0,35.0,27.0,23.0,15.0,12.0,12.0,21.0,34.0,37.0,40.0,17.0,26.0,,,,,,,,,,28.0,17.0,19.0,30.0,34.0,50.0,56.0,69.0,63.0,51.0,37.0,26.0,25.0,25.0,22.0,26.0,37.0,46.0,61.0,68.0,61.0,51.0,33.0,23.0,25.0,13.0,29.0,26.0,35.0,48.0,54.0,65.0,59.0,57.0,41.0,19.0,24.0,15.0,13.0,26.0,39.0,45.0,62.0,64.0,63.0,51.0,37.0,29.0,27.0,73.0,80.0,,,,,,,,,,80.0,77.0,81.0,88.0,88.0,93.0,101.0,105.0,92.0,94.0,89.0,81.0,76.0,80.0,73.0,80.0,85.0,89.0,94.0,92.0,96.0,92.0,88.0,82.0,81.0,74.0,81.0,80.0,87.0,93.0,97.0,92.0,96.0,92.0,88.0,77.0,75.0,75.0,71.0,86.0,88.0,89.0,99.0,100.0,94.0,90.0,84.0,82.0,80.0,33.6789,-79.3808
36,GHCND:USC00385200,0.59,1.53,1.14,0.87,1.02,0.82,0.54,1.76,1.1,1.56,1.05,0.27,0.69,1.2,0.51,0.57,0.74,1.89,1.57,0.94,1.07,0.42,0.3,1.21,1.1,1.34,1.6,2.53,1.87,1.42,1.14,1.76,1.02,0.98,1.35,1.49,1.3,1.27,1.39,1.57,0.88,1.23,1.04,1.28,1.63,0.42,1.48,2.2,2.06,0.99,0.76,1.73,0.67,1.6,2.04,2.59,1.94,7.35,1.99,2.29,19.077999877929688,17.689999389648438,17.817999649047852,19.62599983215332,22.73199920654297,26.79799919128418,27.973999786376954,28.653999710083006,27.911999130249022,24.86399917602539,21.011999130249023,20.283999633789062,18.583999633789062,18.37799949645996,19.731999588012695,20.82999954223633,23.753999710083008,25.6239990234375,28.033999252319337,27.90199966430664,27.31199951171875,25.31999969482422,21.32199935913086,21.97799949645996,21.503999710083008,20.25599937438965,18.98399963378906,18.969999313354492,22.093999481201173,26.04799919128418,27.12799949645996,28.04199981689453,27.415999603271484,24.5299991607666,21.459999084472656,20.7879997253418,19.52199935913086,20.253999328613283,21.221998977661134,20.71799964904785,22.635999298095705,25.979999542236328,28.213999557495118,28.74799919128418,28.36199951171875,25.019999313354493,21.041999435424806,20.57999954223633,21.49199981689453,21.125999450683594,20.157999420166014,20.46199951171875,23.21599922180176,27.011999130249023,27.777999496459962,28.48799934387207,27.87799949645996,24.76399955749512,22.817999649047852,21.147999572753907,42.0,42.0,41.0,36.0,29.0,13.0,13.0,16.0,38.0,28.0,33.0,25.0,33.0,33.0,31.0,28.0,22.0,34.0,20.0,19.0,19.0,31.0,24.0,27.0,41.0,30.0,34.0,41.0,29.0,17.0,13.0,30.0,19.0,31.0,35.0,37.0,40.0,48.0,44.0,28.0,31.0,15.0,19.0,29.0,34.0,20.0,37.0,32.0,37.0,38.0,35.0,31.0,21.0,23.0,24.0,22.0,27.0,22.0,24.0,27.0,55.0,54.0,54.0,49.0,53.0,39.0,36.0,37.0,47.0,51.0,50.0,47.0,50.0,59.0,54.0,55.0,41.0,52.0,46.0,37.0,42.0,46.0,43.0,45.0,53.0,46.0,53.0,48.0,45.0,32.0,25.0,37.0,41.0,58.0,57.0,55.0,60.0,56.0,57.0,53.0,47.0,39.0,35.0,40.0,45.0,48.0,55.0,46.0,57.0,59.0,56.0,47.0,44.0,39.0,34.0,37.0,44.0,47.0,46.0,50.0,39.0,31.0,30.0,32.0,31.0,16.0,12.0,16.0,21.0,27.0,34.0,33.0,33.0,44.0,31.0,32.0,18.0,20.0,17.0,11.0,20.0,27.0,23.0,29.0,37.0,26.0,29.0,30.0,24.0,15.0,8.0,17.0,20.0,39.0,41.0,41.0,36.0,38.0,33.0,37.0,23.0,18.0,16.0,16.0,20.0,30.0,37.0,27.0,38.0,39.0,33.0,25.0,24.0,14.0,8.0,14.0,24.0,29.0,39.0,39.0,15.0,24.0,29.0,36.0,38.0,59.0,65.0,64.0,53.0,35.0,28.0,28.0,21.0,19.0,32.0,35.0,52.0,55.0,60.0,62.0,53.0,39.0,31.0,29.0,24.0,23.0,26.0,37.0,45.0,62.0,67.0,57.0,51.0,30.0,22.0,23.0,9.0,24.0,24.0,32.0,46.0,55.0,61.0,59.0,53.0,39.0,21.0,28.0,11.0,10.0,27.0,41.0,46.0,62.0,68.0,62.0,50.0,36.0,28.0,27.0,70.0,78.0,83.0,85.0,91.0,98.0,101.0,101.0,100.0,86.0,78.0,75.0,71.0,78.0,86.0,90.0,93.0,107.0,106.0,99.0,95.0,85.0,74.0,74.0,77.0,69.0,79.0,85.0,90.0,94.0,92.0,94.0,92.0,88.0,79.0,78.0,69.0,80.0,81.0,85.0,93.0,94.0,96.0,99.0,98.0,87.0,76.0,74.0,68.0,69.0,83.0,88.0,90.0,101.0,102.0,99.0,94.0,83.0,74.0,77.0,34.1943,-81.4151
37,GHCND:USC00385278,1.3,1.56,3.39,2.42,1.36,2.04,0.55,0.19,1.75,0.64,2.38,1.55,1.23,0.57,2.58,1.25,1.89,0.8,1.48,1.83,0.92,2.99,0.2,2.56,2.48,1.69,1.8,2.12,3.21,1.95,2.47,2.47,1.51,1.7,1.1,1.34,1.7,0.88,1.79,0.86,3.22,0.57,2.75,1.62,1.12,3.16,0.23,2.08,2.51,1.41,0.78,2.0,0.19,0.59,1.6,1.43,1.25,2.51,3.25,3.27,18.897999572753907,17.36999931335449,17.597999572753906,19.529999923706054,22.759999465942382,26.841999435424803,27.95999984741211,28.64399948120117,27.957999420166015,24.877999114990235,21.073999404907227,20.18599967956543,18.333999633789062,18.069999313354494,19.481999588012695,20.765999603271485,23.69199981689453,25.58999900817871,28.00599937438965,27.83599967956543,27.295999145507814,25.341999435424803,21.26399955749512,21.905999374389648,21.497999572753905,20.073999404907227,18.67799949645996,18.793999099731444,22.031999588012695,26.059999084472658,27.04799919128418,28.05399971008301,27.45999946594238,24.561999130249024,21.37199935913086,20.48599967956543,19.439999389648438,20.31399917602539,21.00599899291992,20.415999603271484,22.54799919128418,26.01399955749512,28.275999450683592,28.817999267578124,28.347999572753906,25.039999389648436,21.067999267578124,20.563999557495116,21.43599967956543,20.99599952697754,20.001999282836913,20.357999420166017,23.135999298095705,26.855998992919922,27.64799919128418,28.47199935913086,27.941999435424805,24.81999969482422,22.701999282836915,20.91199951171875,39.0,35.0,39.0,30.0,25.0,16.0,25.0,14.0,34.0,33.0,33.0,21.0,34.0,31.0,27.0,21.0,24.0,20.0,19.0,20.0,18.0,35.0,31.0,31.0,29.0,24.0,40.0,42.0,35.0,16.0,15.0,23.0,25.0,27.0,26.0,30.0,34.0,38.0,39.0,28.0,30.0,13.0,24.0,19.0,24.0,21.0,29.0,29.0,36.0,46.0,38.0,25.0,17.0,18.0,6.0,15.0,24.0,24.0,23.0,24.0,56.0,53.0,55.0,54.0,53.0,36.0,30.0,37.0,44.0,52.0,45.0,40.0,51.0,57.0,46.0,48.0,42.0,38.0,29.0,33.0,42.0,41.0,49.0,44.0,47.0,44.0,55.0,48.0,48.0,45.0,32.0,32.0,36.0,53.0,53.0,51.0,60.0,50.0,52.0,53.0,50.0,33.0,33.0,32.0,39.0,50.0,50.0,45.0,60.0,64.0,56.0,51.0,43.0,36.0,21.0,29.0,42.0,47.0,50.0,47.0,36.0,31.0,29.0,32.0,31.0,13.0,9.0,13.0,17.0,28.0,34.0,29.0,34.0,35.0,26.0,26.0,24.0,18.0,9.0,11.0,24.0,22.0,17.0,25.0,34.0,22.0,28.0,25.0,25.0,25.0,11.0,12.0,15.0,32.0,33.0,40.0,39.0,25.0,21.0,34.0,26.0,10.0,13.0,11.0,19.0,30.0,23.0,23.0,40.0,34.0,31.0,29.0,23.0,16.0,4.0,10.0,22.0,28.0,36.0,30.0,13.0,21.0,29.0,31.0,34.0,57.0,63.0,59.0,50.0,30.0,26.0,26.0,16.0,15.0,35.0,30.0,43.0,47.0,63.0,58.0,44.0,37.0,26.0,26.0,22.0,20.0,21.0,34.0,38.0,43.0,56.0,56.0,50.0,28.0,22.0,17.0,2.0,20.0,24.0,27.0,37.0,56.0,55.0,57.0,48.0,31.0,24.0,25.0,5.0,5.0,26.0,32.0,41.0,55.0,61.0,58.0,45.0,33.0,24.0,27.0,69.0,74.0,84.0,85.0,87.0,93.0,93.0,96.0,94.0,82.0,71.0,66.0,67.0,72.0,81.0,78.0,85.0,85.0,92.0,91.0,86.0,78.0,75.0,70.0,69.0,64.0,76.0,82.0,86.0,88.0,88.0,88.0,86.0,81.0,75.0,68.0,62.0,70.0,76.0,80.0,87.0,89.0,88.0,89.0,87.0,81.0,74.0,70.0,65.0,69.0,82.0,83.0,84.0,91.0,82.0,87.0,87.0,80.0,74.0,74.0,34.7975,-83.2675
38,GHCND:USC00386153,0.77,1.85,0.75,0.21,2.22,0.33,1.1,2.2,1.9,1.4,1.47,0.2,0.5,0.95,2.5,0.6,1.68,0.32,2.29,1.6,0.09,0.55,1.0,1.11,0.3,1.2,0.5,1.78,0.75,2.2,2.25,0.83,0.28,0.9,2.0,0.5,0.09,1.6,1.45,1.8,0.97,0.98,1.7,1.05,1.8,0.8,0.05,0.8,2.3,1.83,0.6,0.75,2.79,0.33,0.8,2.02,1.49,10.0,2.5,1.03,19.643999099731445,18.779999923706054,18.913999557495117,20.493999099731447,23.24799919128418,26.937998580932618,28.07799949645996,28.737999725341798,27.711999130249023,25.041999435424806,21.44399948120117,21.107999420166017,19.85399971008301,19.777999496459962,20.951999282836915,21.51799964904785,24.19199981689453,25.85799903869629,28.109999465942384,28.049999618530272,27.36199951171875,25.429999542236327,21.78799934387207,22.30399932861328,21.50999984741211,20.96799964904785,20.275999450683592,20.133999252319335,22.769999313354493,26.229999542236328,27.35399932861328,27.969999694824217,27.317999649047852,24.773999404907226,22.283999252319337,22.105999755859376,20.455999755859374,20.381999588012697,21.80399932861328,22.049999618530272,23.605999374389647,26.30399971008301,28.10199966430664,28.445999145507812,28.249999618530275,25.295999908447264,21.647999572753907,21.29199981689453,21.933999252319335,21.48999938964844,20.82400016784668,21.333999633789062,23.75599937438965,27.471998977661134,28.145999145507812,28.49799919128418,27.71599922180176,24.945999526977538,23.65399932861328,22.423999786376953,35.0,32.0,37.0,27.0,20.0,15.0,17.0,17.0,21.0,28.0,16.0,27.0,28.0,25.0,22.0,29.0,20.0,23.0,18.0,16.0,15.0,19.0,24.0,28.0,31.0,23.0,27.0,18.0,17.0,17.0,14.0,26.0,18.0,24.0,33.0,31.0,40.0,35.0,35.0,20.0,25.0,12.0,17.0,17.0,21.0,20.0,31.0,23.0,24.0,33.0,25.0,12.0,17.0,20.0,16.0,8.0,18.0,16.0,17.0,30.0,50.0,46.0,84.0,49.0,45.0,31.0,27.0,31.0,30.0,52.0,45.0,44.0,51.0,49.0,49.0,51.0,37.0,37.0,28.0,27.0,37.0,40.0,47.0,50.0,52.0,42.0,50.0,36.0,32.0,27.0,21.0,33.0,33.0,53.0,57.0,49.0,53.0,45.0,45.0,43.0,42.0,34.0,28.0,31.0,36.0,44.0,52.0,42.0,56.0,54.0,49.0,36.0,38.0,34.0,31.0,26.0,36.0,45.0,49.0,46.0,28.0,27.0,58.0,32.0,27.0,10.0,14.0,13.0,17.0,28.0,33.0,29.0,29.0,32.0,28.0,30.0,21.0,16.0,9.0,13.0,21.0,23.0,28.0,28.0,36.0,22.0,31.0,25.0,18.0,10.0,8.0,17.0,21.0,35.0,39.0,38.0,42.0,28.0,29.0,30.0,20.0,19.0,14.0,14.0,23.0,29.0,37.0,21.0,37.0,37.0,33.0,24.0,21.0,15.0,10.0,10.0,23.0,24.0,37.0,36.0,16.0,29.0,1.0,38.0,46.0,66.0,66.0,65.0,58.0,34.0,31.0,31.0,20.0,23.0,30.0,37.0,53.0,56.0,70.0,63.0,55.0,44.0,28.0,26.0,24.0,25.0,27.0,40.0,50.0,66.0,69.0,61.0,56.0,30.0,21.0,25.0,15.0,24.0,28.0,38.0,51.0,56.0,66.0,62.0,53.0,43.0,23.0,29.0,15.0,13.0,26.0,42.0,50.0,64.0,68.0,66.0,54.0,40.0,31.0,29.0,66.0,75.0,85.0,87.0,91.0,97.0,93.0,96.0,88.0,86.0,76.0,75.0,71.0,72.0,79.0,88.0,90.0,93.0,98.0,90.0,92.0,84.0,75.0,76.0,76.0,67.0,77.0,76.0,82.0,93.0,90.0,94.0,89.0,83.0,78.0,74.0,68.0,69.0,73.0,81.0,93.0,90.0,94.0,93.0,89.0,87.0,75.0,71.0,71.0,67.0,75.0,78.0,88.0,98.0,99.0,92.0,90.0,85.0,80.0,75.0,33.7544,-78.8219
39,GHCND:USC00388188,0.48,1.1,1.57,0.88,1.11,1.57,0.73,2.25,1.41,0.93,1.29,1.2,1.33,0.61,1.2,1.06,1.5,1.1,0.9,1.84,1.13,1.04,0.5,2.89,2.5,1.35,1.1,1.79,3.3,1.32,2.28,2.55,2.47,0.65,2.17,1.8,2.86,0.72,2.32,2.2,0.76,0.8,1.1,5.1,0.6,0.95,1.6,1.3,1.0,1.1,0.72,2.0,1.4,1.63,1.85,0.5,1.71,2.0,3.17,2.77,19.077999877929688,17.689999389648438,17.817999649047852,19.62599983215332,22.73199920654297,26.79799919128418,27.973999786376954,28.653999710083006,27.911999130249022,24.86399917602539,21.011999130249023,20.283999633789062,18.583999633789062,18.37799949645996,19.731999588012695,20.82999954223633,23.753999710083008,25.6239990234375,28.033999252319337,27.90199966430664,27.31199951171875,25.31999969482422,21.32199935913086,21.97799949645996,21.503999710083008,20.25599937438965,18.98399963378906,18.969999313354492,22.093999481201173,26.04799919128418,27.12799949645996,28.04199981689453,27.415999603271484,24.5299991607666,21.459999084472656,20.7879997253418,19.52199935913086,20.253999328613283,21.221998977661134,20.71799964904785,22.635999298095705,25.979999542236328,28.213999557495118,28.74799919128418,28.36199951171875,25.019999313354493,21.041999435424806,20.57999954223633,21.49199981689453,21.125999450683594,20.157999420166014,20.46199951171875,23.21599922180176,27.011999130249023,27.777999496459962,28.48799934387207,27.87799949645996,24.76399955749512,22.817999649047852,21.147999572753907,40.0,39.0,39.0,25.0,30.0,12.0,21.0,15.0,30.0,28.0,25.0,20.0,30.0,33.0,31.0,28.0,17.0,28.0,21.0,13.0,24.0,29.0,26.0,28.0,25.0,22.0,32.0,30.0,33.0,17.0,12.0,22.0,16.0,26.0,36.0,34.0,35.0,44.0,39.0,31.0,24.0,17.0,22.0,27.0,26.0,22.0,33.0,29.0,38.0,35.0,38.0,33.0,16.0,20.0,16.0,15.0,29.0,29.0,25.0,25.0,62.0,61.0,62.0,59.0,60.0,40.0,41.0,45.0,45.0,57.0,53.0,50.0,57.0,60.0,61.0,60.0,50.0,58.0,43.0,34.0,53.0,49.0,53.0,53.0,54.0,50.0,56.0,55.0,52.0,41.0,26.0,38.0,43.0,59.0,59.0,57.0,58.0,54.0,56.0,57.0,52.0,39.0,39.0,40.0,43.0,53.0,64.0,53.0,62.0,61.0,63.0,58.0,50.0,39.0,37.0,40.0,51.0,51.0,51.0,52.0,31.0,34.0,33.0,39.0,34.0,16.0,14.0,16.0,22.0,37.0,35.0,42.0,40.0,50.0,38.0,31.0,27.0,35.0,11.0,12.0,30.0,30.0,29.0,30.0,40.0,26.0,31.0,34.0,28.0,20.0,8.0,16.0,23.0,39.0,44.0,46.0,37.0,31.0,36.0,31.0,28.0,16.0,14.0,16.0,21.0,29.0,40.0,34.0,40.0,41.0,36.0,39.0,25.0,14.0,12.0,15.0,27.0,34.0,37.0,40.0,11.0,18.0,22.0,28.0,36.0,56.0,60.0,56.0,52.0,28.0,25.0,19.0,15.0,16.0,24.0,29.0,40.0,44.0,62.0,60.0,41.0,34.0,22.0,22.0,19.0,17.0,22.0,30.0,37.0,52.0,65.0,55.0,48.0,26.0,18.0,19.0,7.0,21.0,22.0,28.0,38.0,55.0,56.0,55.0,52.0,34.0,14.0,19.0,7.0,7.0,19.0,29.0,40.0,58.0,62.0,58.0,44.0,31.0,24.0,24.0,73.0,79.0,84.0,87.0,96.0,96.0,101.0,101.0,97.0,85.0,78.0,69.0,72.0,76.0,85.0,89.0,90.0,102.0,105.0,94.0,94.0,83.0,75.0,75.0,73.0,67.0,78.0,85.0,89.0,93.0,91.0,93.0,91.0,85.0,77.0,76.0,65.0,75.0,78.0,85.0,90.0,94.0,95.0,95.0,95.0,87.0,78.0,72.0,69.0,68.0,82.0,87.0,90.0,97.0,99.0,98.0,95.0,82.0,75.0,76.0,34.9077,-81.9138
40,GHCND:USC00388706,0.88,1.4,2.4,1.37,1.23,0.85,1.32,4.0,2.1,0.62,1.9,1.57,1.0,0.36,1.79,1.57,1.7,0.73,2.2,3.8,1.31,1.62,0.6,2.52,2.2,0.95,1.09,2.05,2.05,1.35,2.05,1.37,2.13,2.0,2.45,2.15,1.93,0.81,1.44,1.65,2.02,1.24,1.96,2.33,1.08,2.7,2.6,1.85,1.62,1.25,0.9,1.47,1.27,2.82,1.76,1.73,1.55,2.9,2.55,2.2,19.077999877929688,17.689999389648438,17.817999649047852,19.62599983215332,22.73199920654297,26.79799919128418,27.973999786376954,28.653999710083006,27.911999130249022,24.86399917602539,21.011999130249023,20.283999633789062,18.583999633789062,18.37799949645996,19.731999588012695,20.82999954223633,23.753999710083008,25.6239990234375,28.033999252319337,27.90199966430664,27.31199951171875,25.31999969482422,21.32199935913086,21.97799949645996,21.503999710083008,20.25599937438965,18.98399963378906,18.969999313354492,22.093999481201173,26.04799919128418,27.12799949645996,28.04199981689453,27.415999603271484,24.5299991607666,21.459999084472656,20.7879997253418,19.52199935913086,20.253999328613283,21.221998977661134,20.71799964904785,22.635999298095705,25.979999542236328,28.213999557495118,28.74799919128418,28.36199951171875,25.019999313354493,21.041999435424806,20.57999954223633,21.49199981689453,21.125999450683594,20.157999420166014,20.46199951171875,23.21599922180176,27.011999130249023,27.777999496459962,28.48799934387207,27.87799949645996,24.76399955749512,22.817999649047852,21.147999572753907,,,,,,,,,,,,,,,,,,,,,,,,,,,,,,,,,,,,,,,,,,,,,,,,,,,,,,,,,,,,,,,,,,,,,,,,,,,,,,,,,,,,,,,,,,,,,,,,,,,,,,,,,,,,,,,,,,,,,,,,,,,,,,,,,,,,,,,,,,,,,,,,,,,,,,,,,,,,,,,,,,,,,,,,,,,,,,,,,,,,,,,,,,,,,,,,,,,,,,,,,,,,,,,,,,,,,,,,,,,,,,,,,,,,,,,,,,,,,,,,,,,,,,,,,,,,,,,,,,,,,,,,,,,,,,,,,,,,,,,,,,,,,,,,,,,,,,,,,,,,,34.9838,-82.3997
41,GHCND:USC00388887,1.12,1.55,2.98,1.58,0.53,1.83,0.34,0.95,0.93,1.7,1.91,1.23,1.05,0.41,1.83,0.8,2.66,0.6,1.48,1.8,1.08,2.15,0.2,2.26,2.45,1.32,1.73,3.07,1.71,1.68,2.28,2.72,1.54,1.93,2.37,2.66,1.2,0.85,1.5,1.97,2.1,1.56,1.93,1.35,2.02,2.76,2.15,1.87,2.15,1.3,0.88,1.0,0.98,1.22,0.91,2.05,1.44,2.77,2.38,2.34,18.897999572753907,17.36999931335449,17.597999572753906,19.529999923706054,22.759999465942382,26.841999435424803,27.95999984741211,28.64399948120117,27.957999420166015,24.877999114990235,21.073999404907227,20.18599967956543,18.333999633789062,18.069999313354494,19.481999588012695,20.765999603271485,23.69199981689453,25.58999900817871,28.00599937438965,27.83599967956543,27.295999145507814,25.341999435424803,21.26399955749512,21.905999374389648,21.497999572753905,20.073999404907227,18.67799949645996,18.793999099731444,22.031999588012695,26.059999084472658,27.04799919128418,28.05399971008301,27.45999946594238,24.561999130249024,21.37199935913086,20.48599967956543,19.439999389648438,20.31399917602539,21.00599899291992,20.415999603271484,22.54799919128418,26.01399955749512,28.275999450683592,28.817999267578124,28.347999572753906,25.039999389648436,21.067999267578124,20.563999557495116,21.43599967956543,20.99599952697754,20.001999282836913,20.357999420166017,23.135999298095705,26.855998992919922,27.64799919128418,28.47199935913086,27.941999435424805,24.81999969482422,22.701999282836915,20.91199951171875,42.0,40.0,40.0,30.0,30.0,18.0,31.0,14.0,36.0,32.0,31.0,24.0,33.0,34.0,34.0,34.0,28.0,36.0,27.0,19.0,19.0,33.0,32.0,30.0,42.0,33.0,37.0,40.0,36.0,19.0,14.0,23.0,24.0,30.0,32.0,35.0,39.0,43.0,43.0,32.0,31.0,14.0,28.0,21.0,26.0,21.0,40.0,29.0,39.0,41.0,41.0,31.0,17.0,19.0,16.0,22.0,27.0,25.0,25.0,25.0,60.0,61.0,59.0,58.0,61.0,41.0,35.0,44.0,48.0,54.0,52.0,48.0,55.0,60.0,60.0,60.0,46.0,55.0,38.0,36.0,48.0,46.0,55.0,50.0,50.0,50.0,60.0,52.0,54.0,37.0,30.0,33.0,39.0,56.0,56.0,56.0,63.0,59.0,62.0,59.0,54.0,37.0,40.0,36.0,42.0,50.0,62.0,51.0,61.0,61.0,65.0,57.0,48.0,39.0,33.0,40.0,47.0,49.0,52.0,52.0,37.0,26.0,27.0,34.0,33.0,13.0,8.0,17.0,19.0,30.0,34.0,36.0,35.0,29.0,36.0,31.0,25.0,22.0,5.0,11.0,27.0,26.0,24.0,26.0,36.0,24.0,29.0,27.0,27.0,11.0,9.0,14.0,18.0,31.0,35.0,40.0,37.0,35.0,27.0,34.0,25.0,13.0,15.0,10.0,19.0,29.0,30.0,26.0,39.0,32.0,34.0,31.0,23.0,11.0,7.0,12.0,23.0,30.0,40.0,41.0,13.0,19.0,28.0,30.0,33.0,57.0,66.0,58.0,52.0,31.0,24.0,22.0,15.0,18.0,25.0,30.0,45.0,49.0,67.0,61.0,44.0,36.0,23.0,24.0,23.0,19.0,20.0,34.0,37.0,58.0,63.0,59.0,51.0,28.0,19.0,19.0,5.0,16.0,20.0,27.0,38.0,56.0,55.0,59.0,51.0,34.0,15.0,22.0,8.0,7.0,22.0,32.0,42.0,58.0,64.0,59.0,46.0,34.0,24.0,24.0,73.0,80.0,87.0,88.0,94.0,98.0,101.0,102.0,100.0,85.0,76.0,70.0,70.0,78.0,85.0,90.0,91.0,104.0,105.0,97.0,92.0,82.0,78.0,74.0,73.0,69.0,80.0,86.0,91.0,95.0,93.0,92.0,90.0,84.0,75.0,75.0,68.0,75.0,82.0,86.0,92.0,93.0,95.0,95.0,93.0,84.0,77.0,73.0,69.0,68.0,87.0,89.0,90.0,97.0,97.0,99.0,93.0,83.0,76.0,76.0,34.7483,-83.0842
42,GHCND:USC00389412,0.5,1.7,1.8,0.8,0.6,0.85,1.1,1.2,1.02,0.8,1.75,1.3,1.0,0.4,1.35,1.25,0.8,0.55,0.35,2.1,1.75,0.8,0.4,2.1,2.2,0.9,1.47,1.8,1.95,1.94,2.06,0.95,1.35,0.95,2.1,2.02,2.6,0.95,2.05,1.45,0.85,0.9,0.6,4.04,0.4,1.2,1.89,1.44,0.9,0.93,0.85,2.0,0.7,2.0,0.88,0.6,1.1,3.7,2.2,2.3,19.077999877929688,17.689999389648438,17.817999649047852,19.62599983215332,22.73199920654297,26.79799919128418,27.973999786376954,28.653999710083006,27.911999130249022,24.86399917602539,21.011999130249023,20.283999633789062,18.583999633789062,18.37799949645996,19.731999588012695,20.82999954223633,23.753999710083008,25.6239990234375,28.033999252319337,27.90199966430664,27.31199951171875,25.31999969482422,21.32199935913086,21.97799949645996,21.503999710083008,20.25599937438965,18.98399963378906,18.969999313354492,22.093999481201173,26.04799919128418,27.12799949645996,28.04199981689453,27.415999603271484,24.5299991607666,21.459999084472656,20.7879997253418,19.52199935913086,20.253999328613283,21.221998977661134,20.71799964904785,22.635999298095705,25.979999542236328,28.213999557495118,28.74799919128418,28.36199951171875,25.019999313354493,21.041999435424806,20.57999954223633,21.49199981689453,21.125999450683594,20.157999420166014,20.46199951171875,23.21599922180176,27.011999130249023,27.777999496459962,28.48799934387207,27.87799949645996,24.76399955749512,22.817999649047852,21.147999572753907,,,,,,,,,,,,,,,,,,,,,,,,,,,,,,,,,,,,,,,,,,,,,,,,,,,,,,,,,,,,,,,,,,,,,,,,,,,,,,,,,,,,,,,,,,,,,,,,,,,,,,,,,,,,,,,,,,,,,,,,,,,,,,,,,,,,,,,,,,,,,,,,,,,,,,,,,,,,,,,,,,,,,,,,,,,,,,,,,,,,,,,,,,,,,,,,,,,,,,,,,,,,,,,,,,,,,,,,,,,,,,,,,,,,,,,,,,,,,,,,,,,,,,,,,,,,,,,,,,,,,,,,,,,,,,,,,,,,,,,,,,,,,,,,,,,,,,,,,,,,,34.7636,-82.1061
43,GHCND:USW00013782,0.58,0.83,0.69,1.67,0.27,1.18,2.32,0.87,1.12,0.79,0.92,0.16,0.28,1.52,1.73,0.56,1.31,1.97,1.98,3.82,0.52,0.31,0.6,1.04,0.17,2.39,3.15,1.15,0.82,1.9,0.68,2.47,2.08,0.6,1.05,0.96,0.78,0.74,2.26,2.71,1.0,0.35,1.42,1.27,1.33,0.77,1.62,0.91,1.52,1.28,0.99,1.24,1.23,1.47,0.97,2.56,0.68,9.25,3.5,1.02,19.75599937438965,18.483999252319336,18.56399917602539,20.147999572753907,23.035999298095703,26.78199920654297,27.999999618530275,28.753999328613283,28.073999404907227,25.317999267578124,21.651999282836915,20.897999954223632,19.25199966430664,19.033999252319337,20.368000030517578,21.297999572753906,24.043999481201173,25.803998947143555,28.08599967956543,28.023999786376955,27.55399932861328,25.719999694824217,21.88599967956543,22.5299991607666,21.987999725341798,20.85999984741211,19.751999282836913,19.71599884033203,22.53799934387207,26.131999206542968,27.20599937438965,28.18599967956543,27.563999557495116,24.961999130249023,22.21599922180176,21.53799934387207,20.257999420166016,20.927999114990236,21.751999282836913,21.14599952697754,22.975999069213866,25.99599952697754,28.191999435424805,28.809999084472658,28.533999633789062,25.463999557495118,21.823999404907227,21.28599967956543,22.12799949645996,21.79599952697754,20.6939998626709,20.87799949645996,23.47199935913086,27.091999053955078,27.903998947143556,28.649999618530273,28.057999420166016,25.187999725341797,23.317999267578124,21.883999633789063,31.0,30.0,34.0,25.0,25.0,19.0,14.0,15.0,16.0,23.0,24.0,21.0,30.0,30.0,30.0,28.0,19.0,18.0,11.0,12.0,14.0,23.0,26.0,22.0,23.0,27.0,29.0,19.0,19.0,14.0,8.0,16.0,15.0,20.0,31.0,25.0,36.0,36.0,36.0,25.0,22.0,14.0,12.0,17.0,14.0,19.0,30.0,22.0,36.0,36.0,38.0,24.0,21.0,17.0,12.0,10.0,15.0,18.0,29.0,29.0,42.0,42.0,45.0,41.0,38.0,31.0,22.0,25.0,27.0,36.0,38.0,32.0,42.0,48.0,42.0,43.0,29.0,28.0,23.0,23.0,24.0,35.0,39.0,38.0,41.0,43.0,43.0,34.0,27.0,23.0,15.0,28.0,29.0,38.0,47.0,41.0,49.0,41.0,44.0,41.0,36.0,25.0,21.0,28.0,25.0,36.0,47.0,33.0,50.0,49.0,47.0,35.0,35.0,27.0,25.0,18.0,24.0,29.0,39.0,52.0,22.0,27.0,24.0,27.0,23.0,12.0,9.0,11.0,18.0,22.0,24.0,21.0,25.0,31.0,24.0,24.0,14.0,15.0,11.0,11.0,13.0,30.0,22.0,26.0,29.0,25.0,26.0,23.0,18.0,9.0,5.0,14.0,18.0,30.0,36.0,30.0,38.0,24.0,27.0,28.0,17.0,12.0,9.0,12.0,14.0,20.0,30.0,18.0,41.0,28.0,22.0,16.0,21.0,14.0,9.0,8.0,12.0,17.0,28.0,41.0,28.0,35.0,42.0,46.0,53.0,69.0,74.0,73.0,60.0,47.0,40.0,42.0,32.0,30.0,43.0,47.0,62.0,65.0,71.0,69.0,66.0,48.0,40.0,36.0,33.0,32.0,33.0,45.0,57.0,71.0,75.0,66.0,61.0,44.0,34.0,36.0,20.0,33.0,33.0,43.0,57.0,67.0,73.0,70.0,67.0,52.0,32.0,39.0,22.0,23.0,37.0,53.0,55.0,68.0,71.0,72.0,66.0,52.0,43.0,30.0,70.0,77.0,87.0,87.0,91.0,100.0,96.0,98.0,87.0,83.0,78.0,74.0,74.0,78.0,85.0,90.0,91.0,93.0,94.0,92.0,90.0,83.0,79.0,74.0,74.0,75.0,76.0,79.0,84.0,94.0,90.0,94.0,90.0,82.0,81.0,77.0,69.0,74.0,77.0,84.0,93.0,92.0,94.0,98.0,92.0,88.0,79.0,72.0,72.0,72.0,84.0,88.0,90.0,95.0,96.0,90.0,90.0,81.0,82.0,82.0,32.775,-79.9239
44,GHCND:USW00093718,0.72,2.04,1.2,0.63,1.92,0.52,0.98,1.74,1.17,0.79,1.13,0.17,0.54,1.31,1.38,0.53,1.31,1.06,1.96,1.3,0.85,0.64,0.89,1.32,0.35,1.2,1.61,2.45,1.09,3.25,1.73,1.41,0.8,0.67,1.71,0.58,0.64,0.86,1.77,0.72,0.52,1.35,2.25,1.62,0.71,0.36,2.22,2.24,1.36,0.81,0.4,1.02,5.14,1.2,1.4,1.84,2.01,7.88,2.11,0.89,19.643999099731445,18.779999923706054,18.913999557495117,20.493999099731447,23.24799919128418,26.937998580932618,28.07799949645996,28.737999725341798,27.711999130249023,25.041999435424806,21.44399948120117,21.107999420166017,19.85399971008301,19.777999496459962,20.951999282836915,21.51799964904785,24.19199981689453,25.85799903869629,28.109999465942384,28.049999618530272,27.36199951171875,25.429999542236327,21.78799934387207,22.30399932861328,21.50999984741211,20.96799964904785,20.275999450683592,20.133999252319335,22.769999313354493,26.229999542236328,27.35399932861328,27.969999694824217,27.317999649047852,24.773999404907226,22.283999252319337,22.105999755859376,20.455999755859374,20.381999588012697,21.80399932861328,22.049999618530272,23.605999374389647,26.30399971008301,28.10199966430664,28.445999145507812,28.249999618530275,25.295999908447264,21.647999572753907,21.29199981689453,21.933999252319335,21.48999938964844,20.82400016784668,21.333999633789062,23.75599937438965,27.471998977661134,28.145999145507812,28.49799919128418,27.71599922180176,24.945999526977538,23.65399932861328,22.423999786376953,35.0,31.0,39.0,26.0,28.0,16.0,14.0,15.0,17.0,24.0,23.0,26.0,32.0,30.0,34.0,25.0,16.0,21.0,17.0,14.0,18.0,24.0,29.0,27.0,37.0,31.0,31.0,18.0,21.0,11.0,10.0,21.0,15.0,23.0,35.0,30.0,41.0,34.0,36.0,22.0,26.0,13.0,13.0,13.0,21.0,20.0,31.0,26.0,39.0,33.0,38.0,11.0,19.0,20.0,12.0,9.0,16.0,20.0,31.0,27.0,51.0,46.0,53.0,49.0,49.0,33.0,30.0,32.0,29.0,50.0,47.0,46.0,51.0,50.0,56.0,50.0,35.0,37.0,28.0,23.0,39.0,41.0,52.0,51.0,52.0,47.0,52.0,38.0,44.0,30.0,21.0,29.0,34.0,51.0,59.0,49.0,56.0,40.0,48.0,41.0,43.0,36.0,27.0,28.0,29.0,41.0,54.0,44.0,54.0,52.0,57.0,33.0,38.0,31.0,28.0,23.0,34.0,44.0,51.0,48.0,32.0,27.0,27.0,35.0,28.0,15.0,16.0,15.0,18.0,35.0,36.0,31.0,35.0,37.0,34.0,32.0,23.0,18.0,11.0,14.0,27.0,33.0,30.0,35.0,35.0,30.0,26.0,28.0,26.0,17.0,10.0,16.0,23.0,38.0,47.0,37.0,45.0,21.0,34.0,30.0,22.0,23.0,13.0,14.0,17.0,29.0,40.0,31.0,44.0,35.0,33.0,23.0,25.0,16.0,11.0,11.0,21.0,32.0,37.0,39.0,17.0,27.0,32.0,36.0,47.0,65.0,66.0,66.0,59.0,33.0,30.0,30.0,20.0,24.0,32.0,36.0,53.0,57.0,70.0,65.0,53.0,43.0,26.0,25.0,25.0,23.0,28.0,39.0,45.0,61.0,70.0,63.0,56.0,33.0,23.0,26.0,13.0,29.0,25.0,39.0,50.0,55.0,67.0,64.0,60.0,45.0,22.0,29.0,17.0,15.0,27.0,43.0,50.0,66.0,69.0,67.0,56.0,38.0,30.0,29.0,68.0,73.0,85.0,85.0,96.0,98.0,96.0,98.0,88.0,83.0,77.0,76.0,71.0,74.0,88.0,86.0,88.0,94.0,98.0,88.0,92.0,84.0,78.0,76.0,77.0,70.0,80.0,77.0,89.0,91.0,91.0,92.0,90.0,84.0,82.0,75.0,69.0,69.0,73.0,80.0,93.0,91.0,94.0,92.0,89.0,86.0,76.0,73.0,71.0,67.0,84.0,76.0,88.0,97.0,97.0,90.0,90.0,82.0,81.0,77.0,33.81167,-78.72389
